Date,Type,Link
2026-04-06 21:12:09,LIKE,https://www.linkedin.com/feed/update/urn%3Ali%3Aactivity%3A7446914614963077121
2026-04-06 18:32:37,LIKE,https://www.linkedin.com/feed/update/urn%3Ali%3AugcPost%3A7442519291402334209?commentUrn=urn%3Ali%3Acomment%3A%28ugcPost%3A7442519291402334209%2C7446983954718466048%29
2026-04-06 17:39:48,LIKE,https://www.linkedin.com/feed/update/urn%3Ali%3AugcPost%3A7446957452891357185
2026-04-06 16:08:52,EMPATHY,https://www.linkedin.com/feed/update/urn%3Ali%3AugcPost%3A7442519291402334209?commentUrn=urn%3Ali%3Acomment%3A%28ugcPost%3A7442519291402334209%2C7446951570342252545%29
2026-04-06 15:45:07,EMPATHY,https://www.linkedin.com/feed/update/urn%3Ali%3AugcPost%3A7442519291402334209
2026-04-06 15:43:01,LIKE,https://www.linkedin.com/feed/update/urn%3Ali%3Aactivity%3A7446893252970106880
2026-04-06 15:42:21,LIKE,https://www.linkedin.com/feed/update/urn%3Ali%3Aactivity%3A7446908768879120384
2026-04-06 15:35:54,INTEREST,https://www.linkedin.com/feed/update/urn%3Ali%3Aactivity%3A7446881938998743040
2026-04-06 15:16:36,LIKE,https://www.linkedin.com/feed/update/urn%3Ali%3Aactivity%3A7443027388986253312?commentUrn=urn%3Ali%3Acomment%3A%28activity%3A7443027388986253312%2C7446937005776797696%29
2026-04-06 15:14:36,LIKE,https://www.linkedin.com/feed/update/urn%3Ali%3Aactivity%3A7445787628924289024?commentUrn=urn%3Ali%3Acomment%3A%28activity%3A7445787628924289024%2C7446890722567278593%29
2026-04-06 15:13:55,EMPATHY,https://www.linkedin.com/feed/update/urn%3Ali%3Aactivity%3A7445452030174978048
2026-04-06 02:25:28,EMPATHY,https://www.linkedin.com/feed/update/urn%3Ali%3Aactivity%3A7445304028009517056?commentUrn=urn%3Ali%3Acomment%3A%28activity%3A7445304028009517056%2C7446724738896371712%29
2026-04-04 18:21:57,LIKE,https://www.linkedin.com/feed/update/urn%3Ali%3Aactivity%3A7445455086358745088?commentUrn=urn%3Ali%3Acomment%3A%28activity%3A7445455086358745088%2C7445924850763837441%29
2026-04-04 13:49:21,LIKE,https://www.linkedin.com/feed/update/urn%3Ali%3Aactivity%3A7436836961941745664
2026-04-03 19:07:19,EMPATHY,https://www.linkedin.com/feed/update/urn%3Ali%3Aactivity%3A7445064540872142848?commentUrn=urn%3Ali%3Acomment%3A%28activity%3A7445064540872142848%2C7445892193002713088%29
2026-04-03 15:40:15,EMPATHY,https://www.linkedin.com/feed/update/urn%3Ali%3Aactivity%3A7445064540872142848
2026-04-03 15:38:04,ENTERTAINMENT,https://www.linkedin.com/feed/update/urn%3Ali%3Aactivity%3A7445794835573391360
2026-04-03 15:37:28,INTEREST,https://www.linkedin.com/feed/update/urn%3Ali%3Aactivity%3A7445787628924289024
2026-04-03 15:32:38,LIKE,https://www.linkedin.com/feed/update/urn%3Ali%3Aactivity%3A7445489218040254465
2026-04-03 15:31:23,EMPATHY,https://www.linkedin.com/feed/update/urn%3Ali%3Aactivity%3A7445790897021177857
2026-04-03 15:30:53,LIKE,https://www.linkedin.com/feed/update/urn%3Ali%3Aactivity%3A7445517978693099521
2026-04-03 15:23:43,LIKE,https://www.linkedin.com/feed/update/urn%3Ali%3Aactivity%3A7445779704705466368
2026-04-03 15:18:11,LIKE,https://www.linkedin.com/feed/update/urn%3Ali%3Aactivity%3A7445455086358745088?commentUrn=urn%3Ali%3Acomment%3A%28activity%3A7445455086358745088%2C7445621023938596864%29
2026-04-03 15:17:13,INTEREST,https://www.linkedin.com/feed/update/urn%3Ali%3Aactivity%3A7445362191995940864
2026-04-03 13:10:11,LIKE,https://www.linkedin.com/feed/update/urn%3Ali%3Aactivity%3A7445304028009517056?commentUrn=urn%3Ali%3Acomment%3A%28activity%3A7445304028009517056%2C7445640551737192449%29
2026-04-02 20:29:34,LIKE,https://www.linkedin.com/feed/update/urn%3Ali%3Aactivity%3A7445455086358745088?commentUrn=urn%3Ali%3Acomment%3A%28activity%3A7445455086358745088%2C7445564185935220736%29
2026-04-02 20:29:21,LIKE,https://www.linkedin.com/feed/update/urn%3Ali%3Aactivity%3A7443344395942309888?commentUrn=urn%3Ali%3Acomment%3A%28activity%3A7443344395942309888%2C7445566686877040640%29
2026-04-02 18:36:40,LIKE,https://www.linkedin.com/feed/update/urn%3Ali%3Aactivity%3A7443344395942309888
2026-04-02 18:26:44,LIKE,https://www.linkedin.com/feed/update/urn%3Ali%3Aactivity%3A7445304028009517056
2026-04-02 18:25:27,LIKE,https://www.linkedin.com/feed/update/urn%3Ali%3Aactivity%3A7445514058897985536
2026-04-02 18:25:03,LIKE,https://www.linkedin.com/feed/update/urn%3Ali%3AugcPost%3A7371936691525349376
2026-04-02 18:20:09,LIKE,https://www.linkedin.com/feed/update/urn%3Ali%3Aactivity%3A7443322215036547072
2026-04-02 18:12:33,LIKE,https://www.linkedin.com/feed/update/urn%3Ali%3Aactivity%3A7442204397326983168
2026-04-02 18:07:00,LIKE,https://www.linkedin.com/feed/update/urn%3Ali%3AugcPost%3A7445511787703201793
2026-04-02 18:01:35,INTEREST,https://www.linkedin.com/feed/update/urn%3Ali%3Aactivity%3A7443027388986253312
2026-04-02 14:44:58,INTEREST,https://www.linkedin.com/feed/update/urn%3Ali%3Aactivity%3A7445470148737548288
2026-04-02 13:12:18,ENTERTAINMENT,https://www.linkedin.com/feed/update/urn%3Ali%3AugcPost%3A7445063771296903168?commentUrn=urn%3Ali%3Acomment%3A%28ugcPost%3A7445063771296903168%2C7445435494483623936%29
2026-04-01 17:52:10,LIKE,https://www.linkedin.com/feed/update/urn%3Ali%3AugcPost%3A7445057195487989760
2026-04-01 17:50:32,LIKE,https://www.linkedin.com/feed/update/urn%3Ali%3Aactivity%3A7443552592992821248
2026-04-01 17:45:40,ENTERTAINMENT,https://www.linkedin.com/feed/update/urn%3Ali%3AugcPost%3A7445063771296903168
2026-04-01 17:45:07,LIKE,https://www.linkedin.com/feed/update/urn%3Ali%3Aactivity%3A7444773293150195712
2026-04-01 17:39:44,ENTERTAINMENT,https://www.linkedin.com/feed/update/urn%3Ali%3Aactivity%3A7445124513979346944
2026-04-01 17:38:58,ENTERTAINMENT,https://www.linkedin.com/feed/update/urn%3Ali%3Aactivity%3A7445070323441459201
2026-04-01 17:34:32,INTEREST,https://www.linkedin.com/feed/update/urn%3Ali%3Aactivity%3A7444755161656487936
2026-04-01 17:33:05,LIKE,https://www.linkedin.com/feed/update/urn%3Ali%3AugcPost%3A7445105171178688512
2026-04-01 13:47:46,LIKE,https://www.linkedin.com/feed/update/urn%3Ali%3Aactivity%3A7444742611766128640
2026-04-01 13:46:58,LIKE,https://www.linkedin.com/feed/update/urn%3Ali%3Aactivity%3A7443032085218414592
2026-04-01 13:43:03,LIKE,https://www.linkedin.com/feed/update/urn%3Ali%3Aactivity%3A7444943533234618368
2026-03-31 23:48:39,EMPATHY,https://www.linkedin.com/feed/update/urn%3Ali%3Aactivity%3A7444793321509679104?commentUrn=urn%3Ali%3Acomment%3A%28activity%3A7444793321509679104%2C7444892772056346624%29
2026-03-31 23:38:23,LIKE,https://www.linkedin.com/feed/update/urn%3Ali%3Aactivity%3A7444732101469372416?commentUrn=urn%3Ali%3Acomment%3A%28activity%3A7444732101469372416%2C7444884108557647872%29
2026-03-31 23:09:48,EMPATHY,https://www.linkedin.com/feed/update/urn%3Ali%3Aactivity%3A7444793321509679104
2026-03-31 16:50:18,LIKE,https://www.linkedin.com/feed/update/urn%3Ali%3Aactivity%3A7444405589675278336
2026-03-31 16:49:49,EMPATHY,https://www.linkedin.com/feed/update/urn%3Ali%3Aactivity%3A7444746713866858496
2026-03-31 16:47:45,LIKE,https://www.linkedin.com/feed/update/urn%3Ali%3AugcPost%3A7435397505128853504
2026-03-31 16:35:31,INTEREST,https://www.linkedin.com/feed/update/urn%3Ali%3Aactivity%3A7444732101469372416
2026-03-31 14:57:50,LIKE,https://www.linkedin.com/feed/update/urn%3Ali%3Aactivity%3A7444745620273180672
2026-03-31 14:57:37,LIKE,https://www.linkedin.com/feed/update/urn%3Ali%3Aactivity%3A7444318813850030080
2026-03-31 14:53:24,INTEREST,https://www.linkedin.com/feed/update/urn%3Ali%3Aactivity%3A7444746680240914433
2026-03-31 14:42:24,EMPATHY,https://www.linkedin.com/feed/update/urn%3Ali%3Aactivity%3A7444726456758263808
2026-03-30 16:08:20,LIKE,https://www.linkedin.com/feed/update/urn%3Ali%3AugcPost%3A7444403997781843969
2026-03-29 15:59:16,INTEREST,https://www.linkedin.com/feed/update/urn%3Ali%3Aactivity%3A7444041943501737984
2026-03-28 15:13:36,LIKE,https://www.linkedin.com/feed/update/urn%3Ali%3Aactivity%3A7443041323013627904
2026-03-26 14:43:49,LIKE,https://www.linkedin.com/feed/update/urn%3Ali%3Aactivity%3A7442939210405216258
2026-03-24 17:49:46,LIKE,https://www.linkedin.com/feed/update/urn%3Ali%3Aactivity%3A7440397193942921217?commentUrn=urn%3Ali%3Acomment%3A%28activity%3A7440397193942921217%2C7442259260622823425%29
2026-03-24 17:10:49,LIKE,https://www.linkedin.com/feed/update/urn%3Ali%3Aactivity%3A7442193839056080896
2026-03-24 17:10:21,LIKE,https://www.linkedin.com/feed/update/urn%3Ali%3Aactivity%3A7442233267900006400
2026-03-24 16:59:45,LIKE,https://www.linkedin.com/feed/update/urn%3Ali%3Aactivity%3A7440397193942921217?commentUrn=urn%3Ali%3Acomment%3A%28activity%3A7440397193942921217%2C7442014405866840064%29
2026-03-24 00:38:21,LIKE,https://www.linkedin.com/feed/update/urn%3Ali%3Aactivity%3A7440397193942921217?commentUrn=urn%3Ali%3Acomment%3A%28activity%3A7440397193942921217%2C7441988615393603584%29
2026-03-23 19:39:18,ENTERTAINMENT,https://www.linkedin.com/feed/update/urn%3Ali%3Aactivity%3A7441832606167625728
2026-03-23 15:23:08,ENTERTAINMENT,https://www.linkedin.com/feed/update/urn%3Ali%3Aactivity%3A7441142116258357248
2026-03-23 15:21:31,LIKE,https://www.linkedin.com/feed/update/urn%3Ali%3Aactivity%3A7441823895726440448?commentUrn=urn%3Ali%3Acomment%3A%28activity%3A7441823895726440448%2C7441865569777332225%29
2026-03-23 15:17:18,LIKE,https://www.linkedin.com/feed/update/urn%3Ali%3Aactivity%3A7440008423934566400
2026-03-23 15:14:57,LIKE,https://www.linkedin.com/feed/update/urn%3Ali%3Aactivity%3A7441741520719884289
2026-03-23 15:11:58,LIKE,https://www.linkedin.com/feed/update/urn%3Ali%3Aactivity%3A7441800968175935489
2026-03-23 15:11:23,ENTERTAINMENT,https://www.linkedin.com/feed/update/urn%3Ali%3Aactivity%3A7439412076160184320
2026-03-23 15:08:32,INTEREST,https://www.linkedin.com/feed/update/urn%3Ali%3Aactivity%3A7441823895726440448
2026-03-23 15:00:35,LIKE,https://www.linkedin.com/feed/update/urn%3Ali%3Aactivity%3A7441800978946908160
2026-03-23 14:59:26,LIKE,https://www.linkedin.com/feed/update/urn%3Ali%3Aactivity%3A7439667802573275137?commentUrn=urn%3Ali%3Acomment%3A%28activity%3A7439667802573275137%2C7441758136887283712%29
2026-03-22 15:14:40,ENTERTAINMENT,https://www.linkedin.com/feed/update/urn%3Ali%3Aactivity%3A7439946884611371008
2026-03-22 15:13:56,LIKE,https://www.linkedin.com/feed/update/urn%3Ali%3Aactivity%3A7440553131496775681
2026-03-20 17:02:23,LIKE,https://www.linkedin.com/feed/update/urn%3Ali%3Aactivity%3A7440397193942921217?commentUrn=urn%3Ali%3Acomment%3A%28activity%3A7440397193942921217%2C7440792028394745856%29
2026-03-20 17:01:46,LIKE,https://www.linkedin.com/feed/update/urn%3Ali%3Aactivity%3A7440775580125437952?commentUrn=urn%3Ali%3Acomment%3A%28activity%3A7440775580125437952%2C7440795065725235201%29
2026-03-20 17:00:48,PRAISE,https://www.linkedin.com/feed/update/urn%3Ali%3AugcPost%3A7435747495227437057
2026-03-20 15:50:05,LIKE,https://www.linkedin.com/feed/update/urn%3Ali%3Aactivity%3A7440772535476035584?commentUrn=urn%3Ali%3Acomment%3A%28activity%3A7440772535476035584%2C7440785647012966402%29
2026-03-20 15:45:20,LIKE,https://www.linkedin.com/feed/update/urn%3Ali%3Aactivity%3A7439938315782492160
2026-03-20 15:44:03,EMPATHY,https://www.linkedin.com/feed/update/urn%3Ali%3Aactivity%3A7440772535476035584?commentUrn=urn%3Ali%3Acomment%3A%28activity%3A7440772535476035584%2C7440782558474211328%29
2026-03-20 15:36:01,LIKE,https://www.linkedin.com/feed/update/urn%3Ali%3Aactivity%3A7440775580125437952
2026-03-20 15:33:50,LIKE,https://www.linkedin.com/feed/update/urn%3Ali%3Aactivity%3A7439657860478840832
2026-03-20 15:30:01,LIKE,https://www.linkedin.com/feed/update/urn%3Ali%3Aactivity%3A7440772535476035584
2026-03-20 14:45:16,LIKE,https://www.linkedin.com/feed/update/urn%3Ali%3Aactivity%3A7440605425898594304
2026-03-20 14:44:08,LIKE,https://www.linkedin.com/feed/update/urn%3Ali%3Aactivity%3A7439319868685918209
2026-03-20 14:39:29,LIKE,https://www.linkedin.com/feed/update/urn%3Ali%3Aactivity%3A7440699800267681792
2026-03-19 21:42:09,LIKE,https://www.linkedin.com/feed/update/urn%3Ali%3Aactivity%3A7439354803169964032
2026-03-19 18:31:03,INTEREST,https://www.linkedin.com/feed/update/urn%3Ali%3Aactivity%3A7440397193942921217?commentUrn=urn%3Ali%3Acomment%3A%28activity%3A7440397193942921217%2C7440454758806671360%29
2026-03-19 16:32:40,LIKE,https://www.linkedin.com/feed/update/urn%3Ali%3Aactivity%3A7440393281286549504?commentUrn=urn%3Ali%3Acomment%3A%28activity%3A7440393281286549504%2C7440411337366732801%29
2026-03-19 14:57:56,LIKE,https://www.linkedin.com/feed/update/urn%3Ali%3Aactivity%3A7439667802573275137
2026-03-19 14:56:25,ENTERTAINMENT,https://www.linkedin.com/feed/update/urn%3Ali%3Aactivity%3A7440073874538422272
2026-03-19 14:52:26,LIKE,https://www.linkedin.com/feed/update/urn%3Ali%3Aactivity%3A7440393281286549504
2026-03-19 14:39:56,LIKE,https://www.linkedin.com/feed/update/urn%3Ali%3Aactivity%3A7440284121270169601
2026-03-19 14:39:30,ENTERTAINMENT,https://www.linkedin.com/feed/update/urn%3Ali%3Aactivity%3A7440163743059238912
2026-03-19 14:35:02,LIKE,https://www.linkedin.com/feed/update/urn%3Ali%3Aactivity%3A7439984669757984769
2026-03-19 14:34:28,EMPATHY,https://www.linkedin.com/feed/update/urn%3Ali%3AugcPost%3A7439771532069011456
2026-03-19 14:26:56,LIKE,https://www.linkedin.com/feed/update/urn%3Ali%3Aactivity%3A7440009835439616000
2026-03-18 20:11:15,LIKE,https://www.linkedin.com/feed/update/urn%3Ali%3Aactivity%3A7440115682765230080
2026-03-18 18:58:06,LIKE,https://www.linkedin.com/feed/update/urn%3Ali%3Aactivity%3A7437844906498269186?commentUrn=urn%3Ali%3Acomment%3A%28activity%3A7437844906498269186%2C7440108576745963520%29
2026-03-18 14:54:10,LIKE,https://www.linkedin.com/feed/update/urn%3Ali%3Aactivity%3A7440015916895002624
2026-03-18 14:52:29,LIKE,https://www.linkedin.com/feed/update/urn%3Ali%3Aactivity%3A7435799440470339584
2026-03-18 14:43:55,EMPATHY,https://www.linkedin.com/feed/update/urn%3Ali%3Aactivity%3A7440037375881285634
2026-03-18 14:40:57,LIKE,https://www.linkedin.com/feed/update/urn%3Ali%3Aactivity%3A7437844906498269186?commentUrn=urn%3Ali%3Acomment%3A%28activity%3A7437844906498269186%2C7440043674589319168%29
2026-03-18 02:50:08,LIKE,https://www.linkedin.com/feed/update/urn%3Ali%3Aactivity%3A7439799878299508736
2026-03-17 19:38:59,ENTERTAINMENT,https://www.linkedin.com/feed/update/urn%3Ali%3Aactivity%3A7437844906498269186?commentUrn=urn%3Ali%3Acomment%3A%28activity%3A7437844906498269186%2C7439756785193840640%29
2026-03-17 19:34:31,EMPATHY,https://www.linkedin.com/feed/update/urn%3Ali%3Aactivity%3A7439719436011548672
2026-03-17 19:00:35,LIKE,https://www.linkedin.com/feed/update/urn%3Ali%3Aactivity%3A7439740119353438208
2026-03-17 18:11:04,LIKE,https://www.linkedin.com/feed/update/urn%3Ali%3Aactivity%3A7437844906498269186?commentUrn=urn%3Ali%3Acomment%3A%28activity%3A7437844906498269186%2C7439734114863222784%29
2026-03-17 17:09:09,LIKE,https://www.linkedin.com/feed/update/urn%3Ali%3Aactivity%3A7439672010546315265?commentUrn=urn%3Ali%3Acomment%3A%28activity%3A7439672010546315265%2C7439718708748419072%29
2026-03-17 17:03:12,LIKE,https://www.linkedin.com/feed/update/urn%3Ali%3Aactivity%3A7439620211747700736
2026-03-17 16:55:42,LIKE,https://www.linkedin.com/feed/update/urn%3Ali%3Aactivity%3A7439671984730402816?commentUrn=urn%3Ali%3Acomment%3A%28activity%3A7439671984730402816%2C7439706827900190720%29
2026-03-17 14:50:09,LIKE,https://www.linkedin.com/feed/update/urn%3Ali%3Aactivity%3A7439672010546315265
2026-03-17 14:44:20,INTEREST,https://www.linkedin.com/feed/update/urn%3Ali%3Aactivity%3A7439671984730402816
2026-03-17 14:42:20,LIKE,https://www.linkedin.com/feed/update/urn%3Ali%3Aactivity%3A7437844906498269186?commentUrn=urn%3Ali%3Acomment%3A%28activity%3A7437844906498269186%2C7439656582205997056%29
2026-03-17 14:41:50,LIKE,https://www.linkedin.com/feed/update/urn%3Ali%3Aactivity%3A7437844906498269186?commentUrn=urn%3Ali%3Acomment%3A%28activity%3A7437844906498269186%2C7439544734768996352%29
2026-03-17 14:40:36,LIKE,https://www.linkedin.com/feed/update/urn%3Ali%3Aactivity%3A7439368655076737026?commentUrn=urn%3Ali%3Acomment%3A%28activity%3A7439368655076737026%2C7439618331655147520%29
2026-03-17 02:32:28,LIKE,https://www.linkedin.com/feed/update/urn%3Ali%3Aactivity%3A7439302918656290816
2026-03-16 22:03:32,LIKE,https://www.linkedin.com/feed/update/urn%3Ali%3Aactivity%3A7437844906498269186?commentUrn=urn%3Ali%3Acomment%3A%28activity%3A7437844906498269186%2C7439424898109820930%29
2026-03-16 21:54:41,LIKE,https://www.linkedin.com/feed/update/urn%3Ali%3Aactivity%3A7439368655076737026
2026-03-16 18:08:18,LIKE,https://www.linkedin.com/feed/update/urn%3Ali%3Aactivity%3A7437844906498269186?commentUrn=urn%3Ali%3Acomment%3A%28activity%3A7437844906498269186%2C7439368427376508928%29
2026-03-16 17:28:03,LIKE,https://www.linkedin.com/feed/update/urn%3Ali%3Aactivity%3A7437844906498269186?commentUrn=urn%3Ali%3Acomment%3A%28activity%3A7437844906498269186%2C7439355730937282560%29
2026-03-16 14:39:55,LIKE,https://www.linkedin.com/feed/update/urn%3Ali%3Aactivity%3A7439294181161832448
2026-03-16 14:35:32,LIKE,https://www.linkedin.com/feed/update/urn%3Ali%3Aactivity%3A7434972173506658304
2026-03-16 14:29:44,LIKE,https://www.linkedin.com/feed/update/urn%3Ali%3Aactivity%3A7439040948707192832
2026-03-16 14:23:52,LIKE,https://www.linkedin.com/feed/update/urn%3Ali%3Aactivity%3A7437844906498269186?commentUrn=urn%3Ali%3Acomment%3A%28activity%3A7437844906498269186%2C7439255910889390080%29
2026-03-16 03:08:39,LIKE,https://www.linkedin.com/feed/update/urn%3Ali%3Aactivity%3A7437844906498269186?commentUrn=urn%3Ali%3Acomment%3A%28activity%3A7437844906498269186%2C7439141526636736512%29
2026-03-16 02:17:53,LIKE,https://www.linkedin.com/feed/update/urn%3Ali%3Aactivity%3A7437844906498269186?commentUrn=urn%3Ali%3Acomment%3A%28activity%3A7437844906498269186%2C7439131746089996288%29
2026-03-16 02:05:37,LIKE,https://www.linkedin.com/feed/update/urn%3Ali%3Aactivity%3A7437844906498269186?commentUrn=urn%3Ali%3Acomment%3A%28activity%3A7437844906498269186%2C7439111236535042048%29
2026-03-16 00:42:36,EMPATHY,https://www.linkedin.com/feed/update/urn%3Ali%3Aactivity%3A7438879360755068928?commentUrn=urn%3Ali%3Acomment%3A%28activity%3A7438879360755068928%2C7439108699073425408%29
2026-03-16 00:29:23,ENTERTAINMENT,https://www.linkedin.com/feed/update/urn%3Ali%3Aactivity%3A7438966190154088448
2026-03-16 00:24:45,LIKE,https://www.linkedin.com/feed/update/urn%3Ali%3Aactivity%3A7438879360755068928
2026-03-16 00:00:13,LIKE,https://www.linkedin.com/feed/update/urn%3Ali%3Aactivity%3A7438932023479586816?commentUrn=urn%3Ali%3Acomment%3A%28activity%3A7438932023479586816%2C7438987148768256000%29
2026-03-15 23:59:13,LIKE,https://www.linkedin.com/feed/update/urn%3Ali%3Aactivity%3A7437844906498269186?commentUrn=urn%3Ali%3Acomment%3A%28activity%3A7437844906498269186%2C7439052416836329472%29
2026-03-15 23:58:53,EMPATHY,https://www.linkedin.com/feed/update/urn%3Ali%3Aactivity%3A7437844906498269186?commentUrn=urn%3Ali%3Acomment%3A%28activity%3A7437844906498269186%2C7439095374985916417%29
2026-03-15 20:16:58,LIKE,https://www.linkedin.com/feed/update/urn%3Ali%3Aactivity%3A7438965176390889472
2026-03-15 13:09:07,LIKE,https://www.linkedin.com/feed/update/urn%3Ali%3Aactivity%3A7437127558556708864
2026-03-15 13:05:36,LIKE,https://www.linkedin.com/feed/update/urn%3Ali%3Aactivity%3A7437844906498269186?commentUrn=urn%3Ali%3Acomment%3A%28activity%3A7437844906498269186%2C7438838872714797056%29
2026-03-15 13:04:54,LIKE,https://www.linkedin.com/feed/update/urn%3Ali%3Aactivity%3A7437844906498269186?commentUrn=urn%3Ali%3Acomment%3A%28activity%3A7437844906498269186%2C7438679700484485120%29
2026-03-15 13:02:19,LIKE,https://www.linkedin.com/feed/update/urn%3Ali%3Aactivity%3A7435740805149044736
2026-03-14 12:33:56,LIKE,https://www.linkedin.com/feed/update/urn%3Ali%3Aactivity%3A7437844906498269186?commentUrn=urn%3Ali%3Acomment%3A%28activity%3A7437844906498269186%2C7438405832603602944%29
2026-03-13 23:22:29,EMPATHY,https://www.linkedin.com/feed/update/urn%3Ali%3Aactivity%3A7437844906498269186?commentUrn=urn%3Ali%3Acomment%3A%28activity%3A7437844906498269186%2C7438360140883337216%29
2026-03-13 20:32:26,LIKE,https://www.linkedin.com/feed/update/urn%3Ali%3Aactivity%3A7437844906498269186?commentUrn=urn%3Ali%3Acomment%3A%28activity%3A7437844906498269186%2C7438299869951254529%29
2026-03-13 20:31:46,LIKE,https://www.linkedin.com/feed/update/urn%3Ali%3Aactivity%3A7437844906498269186?commentUrn=urn%3Ali%3Acomment%3A%28activity%3A7437844906498269186%2C7438308029323833344%29
2026-03-13 20:31:33,LIKE,https://www.linkedin.com/feed/update/urn%3Ali%3Aactivity%3A7437844906498269186?commentUrn=urn%3Ali%3Acomment%3A%28activity%3A7437844906498269186%2C7438298348589232128%29
2026-03-13 20:30:21,LIKE,https://www.linkedin.com/feed/update/urn%3Ali%3Aactivity%3A7437844906498269186?commentUrn=urn%3Ali%3Acomment%3A%28activity%3A7437844906498269186%2C7438293854010753025%29
2026-03-13 20:28:37,LIKE,https://www.linkedin.com/feed/update/urn%3Ali%3Aactivity%3A7437844906498269186?commentUrn=urn%3Ali%3Acomment%3A%28activity%3A7437844906498269186%2C7438302415990292481%29
2026-03-13 17:57:27,LIKE,https://www.linkedin.com/feed/update/urn%3Ali%3Aactivity%3A7437844906498269186?commentUrn=urn%3Ali%3Acomment%3A%28activity%3A7437844906498269186%2C7438274853591212032%29
2026-03-13 17:57:07,LIKE,https://www.linkedin.com/feed/update/urn%3Ali%3Aactivity%3A7437844906498269186?commentUrn=urn%3Ali%3Acomment%3A%28activity%3A7437844906498269186%2C7438257580906409984%29
2026-03-13 17:56:41,INTEREST,https://www.linkedin.com/feed/update/urn%3Ali%3Aactivity%3A7437844906498269186?commentUrn=urn%3Ali%3Acomment%3A%28activity%3A7437844906498269186%2C7438255778794446848%29
2026-03-13 15:19:46,LIKE,https://www.linkedin.com/feed/update/urn%3Ali%3Aactivity%3A7437885006083076097
2026-03-13 15:15:32,EMPATHY,https://www.linkedin.com/feed/update/urn%3Ali%3Aactivity%3A7437860957478916096
2026-03-13 15:14:13,LIKE,https://www.linkedin.com/feed/update/urn%3Ali%3Aactivity%3A7438211025167933442?commentUrn=urn%3Ali%3Acomment%3A%28activity%3A7438211025167933442%2C7438233021649936386%29
2026-03-13 15:13:45,LIKE,https://www.linkedin.com/feed/update/urn%3Ali%3Aactivity%3A7438211025167933442
2026-03-13 15:10:18,LIKE,https://www.linkedin.com/feed/update/urn%3Ali%3AugcPost%3A7437872555450920961
2026-03-13 15:08:28,ENTERTAINMENT,https://www.linkedin.com/feed/update/urn%3Ali%3Aactivity%3A7438075122000891904
2026-03-13 15:03:52,LIKE,https://www.linkedin.com/feed/update/urn%3Ali%3Aactivity%3A7438078898350968832
2026-03-13 15:03:14,ENTERTAINMENT,https://www.linkedin.com/feed/update/urn%3Ali%3Aactivity%3A7437850237622263808
2026-03-13 15:00:37,INTEREST,https://www.linkedin.com/feed/update/urn%3Ali%3Aactivity%3A7438205736184115200
2026-03-13 14:56:35,LIKE,https://www.linkedin.com/feed/update/urn%3Ali%3Aactivity%3A7437844906498269186?commentUrn=urn%3Ali%3Acomment%3A%28activity%3A7437844906498269186%2C7438226739467812864%29
2026-03-13 14:51:03,LIKE,https://www.linkedin.com/feed/update/urn%3Ali%3Aactivity%3A7437844906498269186?commentUrn=urn%3Ali%3Acomment%3A%28activity%3A7437844906498269186%2C7438221068856610816%29
2026-03-13 14:49:18,LIKE,https://www.linkedin.com/feed/update/urn%3Ali%3Aactivity%3A7437844906498269186?commentUrn=urn%3Ali%3Acomment%3A%28activity%3A7437844906498269186%2C7438098708178812929%29
2026-03-13 14:48:46,LIKE,https://www.linkedin.com/feed/update/urn%3Ali%3Aactivity%3A7412538204525887488?commentUrn=urn%3Ali%3Acomment%3A%28activity%3A7412538204525887488%2C7438208768888213504%29
2026-03-12 21:45:12,ENTERTAINMENT,https://www.linkedin.com/feed/update/urn%3Ali%3Aactivity%3A7437769708990472192
2026-03-12 21:43:10,ENTERTAINMENT,https://www.linkedin.com/feed/update/urn%3Ali%3Aactivity%3A7412538204525887488
2026-03-12 21:28:38,ENTERTAINMENT,https://www.linkedin.com/feed/update/urn%3Ali%3Aactivity%3A7437143709793787904
2026-03-12 20:44:20,LIKE,https://www.linkedin.com/feed/update/urn%3Ali%3Aactivity%3A7430276636119478272
2026-03-12 14:55:24,LIKE,https://www.linkedin.com/feed/update/urn%3Ali%3Aactivity%3A7433447661514661888?commentUrn=urn%3Ali%3Acomment%3A%28activity%3A7433447661514661888%2C7437783523131981824%29
2026-03-12 14:54:21,LIKE,https://www.linkedin.com/feed/update/urn%3Ali%3Aactivity%3A7436979504805449728?commentUrn=urn%3Ali%3Acomment%3A%28activity%3A7436979504805449728%2C7437666062768197632%29
2026-03-11 21:36:54,EMPATHY,https://www.linkedin.com/feed/update/urn%3Ali%3Aactivity%3A7437553531907264513
2026-03-11 18:21:57,EMPATHY,https://www.linkedin.com/feed/update/urn%3Ali%3Aactivity%3A7437376186457931780?commentUrn=urn%3Ali%3Acomment%3A%28activity%3A7437376186457931780%2C7437552356428337152%29
2026-03-11 18:20:42,EMPATHY,https://www.linkedin.com/feed/update/urn%3Ali%3Aactivity%3A7437369656442630144?commentUrn=urn%3Ali%3Acomment%3A%28activity%3A7437369656442630144%2C7437550931753259008%29
2026-03-11 17:20:56,LIKE,https://www.linkedin.com/feed/update/urn%3Ali%3Aactivity%3A7436979504805449728
2026-03-11 17:18:09,EMPATHY,https://www.linkedin.com/feed/update/urn%3Ali%3Aactivity%3A7437200829323038721
2026-03-11 17:14:24,LIKE,https://www.linkedin.com/feed/update/urn%3Ali%3Aactivity%3A7404886438414077953
2026-03-11 17:09:21,LIKE,https://www.linkedin.com/feed/update/urn%3Ali%3Aactivity%3A7437146185339011072
2026-03-11 17:05:06,LIKE,https://www.linkedin.com/feed/update/urn%3Ali%3Aactivity%3A7437376186457931780
2026-03-11 16:55:43,LIKE,https://www.linkedin.com/feed/update/urn%3Ali%3Aactivity%3A7437501343092678656
2026-03-11 16:48:48,EMPATHY,https://www.linkedin.com/feed/update/urn%3Ali%3Aactivity%3A7437369656442630144
2026-03-11 13:50:12,LIKE,https://www.linkedin.com/feed/update/urn%3Ali%3Aactivity%3A7437479199474454528
2026-03-10 18:18:24,EMPATHY,https://www.linkedin.com/feed/update/urn%3Ali%3Aactivity%3A7436474413107216384?commentUrn=urn%3Ali%3Acomment%3A%28activity%3A7436474413107216384%2C7437189237281755136%29
2026-03-10 15:03:13,LIKE,https://www.linkedin.com/feed/update/urn%3Ali%3Aactivity%3A7437147551537020928
2026-03-10 14:58:27,PRAISE,https://www.linkedin.com/feed/update/urn%3Ali%3AugcPost%3A7436876978030477312
2026-03-10 14:50:11,LIKE,https://www.linkedin.com/feed/update/urn%3Ali%3Aactivity%3A7437105120523292673
2026-03-10 14:47:26,LIKE,https://www.linkedin.com/feed/update/urn%3Ali%3Aactivity%3A7436764663226306560
2026-03-10 14:39:54,LIKE,https://www.linkedin.com/feed/update/urn%3Ali%3Aactivity%3A7436474413107216384
2026-03-10 14:38:14,INTEREST,https://www.linkedin.com/feed/update/urn%3Ali%3Aactivity%3A7436830314884190208
2026-03-10 14:35:46,LIKE,https://www.linkedin.com/feed/update/urn%3Ali%3Aactivity%3A7437125475447054336
2026-03-10 14:29:56,LIKE,https://www.linkedin.com/feed/update/urn%3Ali%3Aactivity%3A7436814592032309248
2026-03-10 14:08:25,INTEREST,https://www.linkedin.com/feed/update/urn%3Ali%3Aactivity%3A7437124453005766656
2026-03-09 15:16:31,LIKE,https://www.linkedin.com/feed/update/urn%3Ali%3Aactivity%3A7434258755854413824
2026-03-09 15:14:18,INTEREST,https://www.linkedin.com/feed/update/urn%3Ali%3Aactivity%3A7436412043483586560
2026-03-09 15:09:20,LIKE,https://www.linkedin.com/feed/update/urn%3Ali%3Aactivity%3A7436749412116226048
2026-03-09 15:08:50,LIKE,https://www.linkedin.com/feed/update/urn%3Ali%3Aactivity%3A7435685847850569728
2026-03-09 15:02:54,ENTERTAINMENT,https://www.linkedin.com/feed/update/urn%3Ali%3Aactivity%3A7434668381909254145
2026-03-09 14:55:04,LIKE,https://www.linkedin.com/feed/update/urn%3Ali%3Aactivity%3A7435368534878228480?commentUrn=urn%3Ali%3Acomment%3A%28activity%3A7435368534878228480%2C7436587435544887296%29
2026-03-09 14:54:16,LIKE,https://www.linkedin.com/feed/update/urn%3Ali%3Aactivity%3A7434643762309574657?commentUrn=urn%3Ali%3Acomment%3A%28activity%3A7434643762309574657%2C7436621726815350784%29
2026-03-06 15:34:43,ENTERTAINMENT,https://www.linkedin.com/feed/update/urn%3Ali%3Aactivity%3A7425566304360755200?commentUrn=urn%3Ali%3Acomment%3A%28activity%3A7425566304360755200%2C7425568127637413888%29
2026-03-06 15:34:32,ENTERTAINMENT,https://www.linkedin.com/feed/update/urn%3Ali%3Aactivity%3A7425566304360755200
2026-03-06 15:32:27,LIKE,https://www.linkedin.com/feed/update/urn%3Ali%3Aactivity%3A7432048868013322242
2026-03-06 15:26:38,LIKE,https://www.linkedin.com/feed/update/urn%3Ali%3Aactivity%3A7434614321541939200
2026-03-06 15:26:08,LIKE,https://www.linkedin.com/feed/update/urn%3Ali%3Aactivity%3A7429111017550483456
2026-03-06 15:24:07,ENTERTAINMENT,https://www.linkedin.com/feed/update/urn%3Ali%3Aactivity%3A7435422921679863808
2026-03-06 15:22:41,LIKE,https://www.linkedin.com/feed/update/urn%3Ali%3Aactivity%3A7435053746973450240
2026-03-06 15:21:36,EMPATHY,https://www.linkedin.com/feed/update/urn%3Ali%3AugcPost%3A7435467813193940992
2026-03-06 15:18:42,LIKE,https://www.linkedin.com/feed/update/urn%3Ali%3Aactivity%3A7435368616788746240
2026-03-06 15:12:02,LIKE,https://www.linkedin.com/feed/update/urn%3Ali%3Aactivity%3A7435189416777768960
2026-03-06 15:00:01,ENTERTAINMENT,https://www.linkedin.com/feed/update/urn%3Ali%3Aactivity%3A7435357821698916352
2026-03-06 14:34:17,EMPATHY,https://www.linkedin.com/feed/update/urn%3Ali%3Aactivity%3A7434643762309574657?commentUrn=urn%3Ali%3Acomment%3A%28activity%3A7434643762309574657%2C7435692490365726720%29
2026-03-06 00:20:08,EMPATHY,https://www.linkedin.com/feed/update/urn%3Ali%3Aactivity%3A7435334867527311360
2026-03-05 18:58:27,ENTERTAINMENT,https://www.linkedin.com/feed/update/urn%3Ali%3Aactivity%3A7435336758747340800?commentUrn=urn%3Ali%3Acomment%3A%28activity%3A7435336758747340800%2C7435390724386492416%29
2026-03-05 17:58:20,LIKE,https://www.linkedin.com/feed/update/urn%3Ali%3Aactivity%3A7434937887042846720
2026-03-05 17:55:33,LIKE,https://www.linkedin.com/feed/update/urn%3Ali%3Aactivity%3A7434957082275176449
2026-03-05 17:48:39,LIKE,https://www.linkedin.com/feed/update/urn%3Ali%3Aactivity%3A7435336758747340800
2026-03-05 17:46:47,LIKE,https://www.linkedin.com/feed/update/urn%3Ali%3Aactivity%3A7435017474204577793
2026-03-05 17:44:24,LIKE,https://www.linkedin.com/feed/update/urn%3Ali%3Aactivity%3A7434963811691933696?commentUrn=urn%3Ali%3Acomment%3A%28activity%3A7434963811691933696%2C7435352464301842432%29
2026-03-05 17:39:48,LIKE,https://www.linkedin.com/feed/update/urn%3Ali%3Aactivity%3A7435323308503556096
2026-03-05 16:25:48,EMPATHY,https://www.linkedin.com/feed/update/urn%3Ali%3Aactivity%3A7435297057340510208
2026-03-04 20:49:10,EMPATHY,https://www.linkedin.com/feed/update/urn%3Ali%3Aactivity%3A7434643762309574657?commentUrn=urn%3Ali%3Acomment%3A%28activity%3A7434643762309574657%2C7435047449146085377%29
2026-03-04 20:37:30,ENTERTAINMENT,https://www.linkedin.com/feed/update/urn%3Ali%3Aactivity%3A7434643762309574657?commentUrn=urn%3Ali%3Acomment%3A%28activity%3A7434643762309574657%2C7435057027090898944%29
2026-03-04 20:36:51,EMPATHY,https://www.linkedin.com/feed/update/urn%3Ali%3Aactivity%3A7435051050182541312
2026-03-04 19:18:01,LIKE,https://www.linkedin.com/feed/update/urn%3Ali%3Aactivity%3A7434963811691933696
2026-03-04 18:01:41,LIKE,https://www.linkedin.com/feed/update/urn%3Ali%3Aactivity%3A7434968452722962432
2026-03-04 16:59:24,ENTERTAINMENT,https://www.linkedin.com/feed/update/urn%3Ali%3Aactivity%3A7434957760640942081
2026-03-04 16:56:36,LIKE,https://www.linkedin.com/feed/update/urn%3Ali%3Aactivity%3A7434621202255572992
2026-03-04 15:32:49,EMPATHY,https://www.linkedin.com/feed/update/urn%3Ali%3Aactivity%3A7434643762309574657?commentUrn=urn%3Ali%3Acomment%3A%28activity%3A7434643762309574657%2C7434787588118413312%29
2026-03-04 15:32:03,EMPATHY,https://www.linkedin.com/feed/update/urn%3Ali%3Aactivity%3A7434966156567793665
2026-03-03 21:59:07,EMPATHY,https://www.linkedin.com/feed/update/urn%3Ali%3Aactivity%3A7434701353668710400?commentUrn=urn%3Ali%3Acomment%3A%28activity%3A7434701353668710400%2C7434703443409375232%29
2026-03-03 21:58:53,EMPATHY,https://www.linkedin.com/feed/update/urn%3Ali%3Aactivity%3A7434701353668710400
2026-03-03 19:42:05,INTEREST,https://www.linkedin.com/feed/update/urn%3Ali%3Aactivity%3A7434226767948791808
2026-03-03 19:21:57,EMPATHY,https://www.linkedin.com/feed/update/urn%3Ali%3Aactivity%3A7434236470242119680
2026-03-03 19:16:23,EMPATHY,https://www.linkedin.com/feed/update/urn%3Ali%3Aactivity%3A7432167702825328640
2026-03-03 19:15:42,LIKE,https://www.linkedin.com/feed/update/urn%3Ali%3Aactivity%3A7432815303929012224
2026-03-03 19:15:08,LIKE,https://www.linkedin.com/feed/update/urn%3Ali%3AugcPost%3A7424843766601187328
2026-03-03 18:53:33,EMPATHY,https://www.linkedin.com/feed/update/urn%3Ali%3Aactivity%3A7434643762309574657?commentUrn=urn%3Ali%3Acomment%3A%28activity%3A7434643762309574657%2C7434664700308692992%29
2026-03-03 13:27:55,EMPATHY,https://www.linkedin.com/feed/update/urn%3Ali%3Aactivity%3A7433447661514661888?commentUrn=urn%3Ali%3Acomment%3A%28activity%3A7433447661514661888%2C7434505029190840320%29
2026-03-03 03:15:32,EMPATHY,https://www.linkedin.com/feed/update/urn%3Ali%3AugcPost%3A7434424694889590784
2026-03-03 00:13:17,EMPATHY,https://www.linkedin.com/feed/update/urn%3Ali%3Aactivity%3A7434362303732563968
2026-03-03 00:13:01,LIKE,https://www.linkedin.com/feed/update/urn%3Ali%3Aactivity%3A7434237744157097984
2026-03-02 22:40:21,EMPATHY,https://www.linkedin.com/feed/update/urn%3Ali%3Aactivity%3A7434266312178204672
2026-03-02 21:47:34,ENTERTAINMENT,https://www.linkedin.com/feed/update/urn%3Ali%3Aactivity%3A7434160626223972353
2026-03-02 21:44:20,INTEREST,https://www.linkedin.com/feed/update/urn%3Ali%3Aactivity%3A7433447661514661888
2026-03-02 21:38:12,ENTERTAINMENT,https://www.linkedin.com/feed/update/urn%3Ali%3Aactivity%3A7434252578776887296
2026-03-02 21:37:46,APPRECIATION,https://www.linkedin.com/feed/update/urn%3Ali%3Aactivity%3A7426739173732040705
2026-03-02 21:34:28,LIKE,https://www.linkedin.com/feed/update/urn%3Ali%3Aactivity%3A7433224923671638016
2026-03-02 21:33:38,LIKE,https://www.linkedin.com/feed/update/urn%3Ali%3Aactivity%3A7434247403211325440
2026-03-02 21:29:01,EMPATHY,https://www.linkedin.com/feed/update/urn%3Ali%3Aactivity%3A7432815862820020224
2026-03-02 21:28:17,EMPATHY,https://www.linkedin.com/feed/update/urn%3Ali%3Aactivity%3A7434162705965613056
2026-03-02 21:26:37,EMPATHY,https://www.linkedin.com/feed/update/urn%3Ali%3Aactivity%3A7434191541708963842
2026-03-02 21:25:11,LIKE,https://www.linkedin.com/feed/update/urn%3Ali%3Aactivity%3A7434272516006920192
2026-03-02 21:19:16,LIKE,https://www.linkedin.com/feed/update/urn%3Ali%3Aactivity%3A7434314287889735680
2026-03-01 00:37:47,EMPATHY,https://www.linkedin.com/feed/update/urn%3Ali%3Aactivity%3A7431950244378152960
2026-03-01 00:37:06,EMPATHY,https://www.linkedin.com/feed/update/urn%3Ali%3Aactivity%3A7432786952749211649
2026-02-27 19:14:42,LIKE,https://www.linkedin.com/feed/update/urn%3Ali%3Aactivity%3A7433152668166135808
2026-02-27 17:40:02,EMPATHY,https://www.linkedin.com/feed/update/urn%3Ali%3Aactivity%3A7433158486387191828?commentUrn=urn%3Ali%3Acomment%3A%28activity%3A7433158486387191828%2C7433203955502936064%29
2026-02-27 15:43:33,EMPATHY,https://www.linkedin.com/feed/update/urn%3Ali%3Aactivity%3A7432784733413130240
2026-02-27 15:33:34,EMPATHY,https://www.linkedin.com/feed/update/urn%3Ali%3Aactivity%3A7431646525925003264
2026-02-27 15:31:50,EMPATHY,https://www.linkedin.com/feed/update/urn%3Ali%3Aactivity%3A7433158486387191828
2026-02-27 15:27:38,EMPATHY,https://www.linkedin.com/feed/update/urn%3Ali%3Aactivity%3A7433169770746646528
2026-02-26 16:44:37,ENTERTAINMENT,https://www.linkedin.com/feed/update/urn%3Ali%3Aactivity%3A7432430446610874369
2026-02-25 16:21:55,EMPATHY,https://www.linkedin.com/feed/update/urn%3Ali%3Aactivity%3A7431795022116630529
2026-02-25 16:18:38,ENTERTAINMENT,https://www.linkedin.com/feed/update/urn%3Ali%3Aactivity%3A7430591731806679041
2026-02-25 16:14:42,EMPATHY,https://www.linkedin.com/feed/update/urn%3Ali%3Aactivity%3A7432409077219082240
2026-02-25 16:12:44,EMPATHY,https://www.linkedin.com/feed/update/urn%3Ali%3Aactivity%3A7432416044226453505
2026-02-25 16:10:23,EMPATHY,https://www.linkedin.com/feed/update/urn%3Ali%3Aactivity%3A7431446400414027777
2026-02-25 16:03:55,LIKE,https://www.linkedin.com/feed/update/urn%3Ali%3Aactivity%3A7432426680855588864
2026-02-25 15:58:31,LIKE,https://www.linkedin.com/feed/update/urn%3Ali%3Aactivity%3A7432419599771676674
2026-02-25 15:53:53,EMPATHY,https://www.linkedin.com/feed/update/urn%3Ali%3Aactivity%3A7432076912497238017?commentUrn=urn%3Ali%3Acomment%3A%28activity%3A7432076912497238017%2C7432375253995139072%29
2026-02-24 22:10:41,EMPATHY,https://www.linkedin.com/feed/update/urn%3Ali%3Aactivity%3A7430747921207357440
2026-02-24 22:08:13,LIKE,https://www.linkedin.com/feed/update/urn%3Ali%3Aactivity%3A7432007026995716097
2026-02-24 22:02:43,EMPATHY,https://www.linkedin.com/feed/update/urn%3Ali%3Aactivity%3A7432076912497238017
2026-02-23 22:50:22,EMPATHY,https://www.linkedin.com/feed/update/urn%3Ali%3Aactivity%3A7427730025640103938
2026-02-23 13:45:04,EMPATHY,https://www.linkedin.com/feed/update/urn%3Ali%3Aactivity%3A7431593754651832320
2026-02-21 16:05:49,LIKE,https://www.linkedin.com/feed/update/urn%3Ali%3Aactivity%3A7430746628585652224
2026-02-20 18:01:44,EMPATHY,https://www.linkedin.com/feed/update/urn%3Ali%3AugcPost%3A7425661924253720576
2026-02-20 17:47:13,LIKE,https://www.linkedin.com/feed/update/urn%3Ali%3AugcPost%3A7425661924253720576?commentUrn=urn%3Ali%3Acomment%3A%28ugcPost%3A7425661924253720576%2C7430669330968637440%29
2026-02-20 17:46:48,LIKE,https://www.linkedin.com/feed/update/urn%3Ali%3AugcPost%3A7425661924253720576?commentUrn=urn%3Ali%3Acomment%3A%28ugcPost%3A7425661924253720576%2C7430669236831825920%29
2026-02-20 17:37:28,EMPATHY,https://www.linkedin.com/feed/update/urn%3Ali%3AugcPost%3A7430596171561242624
2026-02-20 17:29:07,INTEREST,https://www.linkedin.com/feed/update/urn%3Ali%3Aactivity%3A7430366070751797248
2026-02-20 14:27:01,LIKE,https://www.linkedin.com/feed/update/urn%3Ali%3Aactivity%3A7429887506348654592
2026-02-20 12:03:45,EMPATHY,https://www.linkedin.com/feed/update/urn%3Ali%3Aactivity%3A7430306763662405632?commentUrn=urn%3Ali%3Acomment%3A%28activity%3A7430306763662405632%2C7430471019867549696%29
2026-02-18 19:36:14,EMPATHY,https://www.linkedin.com/feed/update/urn%3Ali%3Aactivity%3A7429594645090824192
2026-02-18 15:19:15,EMPATHY,https://www.linkedin.com/feed/update/urn%3Ali%3Aactivity%3A7429618056999620608
2026-02-17 19:54:13,EMPATHY,https://www.linkedin.com/feed/update/urn%3Ali%3Aactivity%3A7429600535344873472
2026-02-14 19:47:55,LIKE,https://www.linkedin.com/feed/update/urn%3Ali%3Aactivity%3A7428004896601411584?commentUrn=urn%3Ali%3Acomment%3A%28activity%3A7428004896601411584%2C7428523387221790720%29
2026-02-13 20:37:24,EMPATHY,https://www.linkedin.com/feed/update/urn%3Ali%3Aactivity%3A7428146547332112385
2026-02-13 20:21:30,ENTERTAINMENT,https://www.linkedin.com/feed/update/urn%3Ali%3Aactivity%3A7428155330452172800
2026-02-13 15:44:33,EMPATHY,https://www.linkedin.com/feed/update/urn%3Ali%3Aactivity%3A7427764416990953472
2026-02-13 15:42:53,LIKE,https://www.linkedin.com/feed/update/urn%3Ali%3Aactivity%3A7427349735382118400
2026-02-12 18:16:08,LIKE,https://www.linkedin.com/feed/update/urn%3Ali%3Aactivity%3A7424806539468632064
2026-02-11 17:42:02,LIKE,https://www.linkedin.com/feed/update/urn%3Ali%3Aactivity%3A7425622532357259264
2026-02-05 23:12:28,LIKE,https://www.linkedin.com/feed/update/urn%3Ali%3Aactivity%3A7424469211835654144
2026-02-05 21:55:24,LIKE,https://www.linkedin.com/feed/update/urn%3Ali%3Aactivity%3A7422645371614584832
2026-02-05 21:49:03,EMPATHY,https://www.linkedin.com/feed/update/urn%3Ali%3Aactivity%3A7424500429851373569
2026-01-30 22:33:50,EMPATHY,https://www.linkedin.com/feed/update/urn%3Ali%3Aactivity%3A7415014168870817792
2026-01-30 18:08:48,LIKE,https://www.linkedin.com/feed/update/urn%3Ali%3Aactivity%3A7419749081675112448
2026-01-30 18:05:39,LIKE,https://www.linkedin.com/feed/update/urn%3Ali%3Aactivity%3A7422303702943735808
2026-01-28 17:20:00,LIKE,https://www.linkedin.com/feed/update/urn%3Ali%3Aactivity%3A7421597316215816192
2026-01-26 18:06:25,EMPATHY,https://www.linkedin.com/feed/update/urn%3Ali%3Aactivity%3A7419729122349752320
2026-01-21 18:57:25,EMPATHY,https://www.linkedin.com/feed/update/urn%3Ali%3Aactivity%3A7419090825256759297
2026-01-21 16:50:16,LIKE,https://www.linkedin.com/feed/update/urn%3Ali%3Aactivity%3A7414304780929421312
2026-01-18 15:20:06,LIKE,https://www.linkedin.com/feed/update/urn%3Ali%3Aactivity%3A7418323806324318208
2026-01-12 21:19:51,EMPATHY,https://www.linkedin.com/feed/update/urn%3Ali%3Aactivity%3A7415025748891152384
2026-01-11 18:45:53,LIKE,https://www.linkedin.com/feed/update/urn%3Ali%3Aactivity%3A7415787470606188544
2026-01-06 15:27:59,LIKE,https://www.linkedin.com/feed/update/urn%3Ali%3Aactivity%3A7413588449938616320
2026-01-06 15:25:31,LIKE,https://www.linkedin.com/feed/update/urn%3Ali%3Aactivity%3A7414006529252753408
2026-01-05 18:21:19,LIKE,https://www.linkedin.com/feed/update/urn%3Ali%3Aactivity%3A7413934810311839744
2026-01-01 10:58:22,EMPATHY,https://www.linkedin.com/feed/update/urn%3Ali%3Aactivity%3A7408895346136752128
2026-01-01 10:58:01,EMPATHY,https://www.linkedin.com/feed/update/urn%3Ali%3Aactivity%3A7412123106523336704
2025-12-16 20:24:03,EMPATHY,https://www.linkedin.com/feed/update/urn%3Ali%3Aactivity%3A7406193939189383168
2025-12-16 15:13:26,EMPATHY,https://www.linkedin.com/feed/update/urn%3Ali%3Aactivity%3A7406699248970313728
2025-12-11 03:15:21,LIKE,https://www.linkedin.com/feed/update/urn%3Ali%3AugcPost%3A7402004770489643008
2025-12-09 17:48:01,LIKE,https://www.linkedin.com/feed/update/urn%3Ali%3AugcPost%3A7387228999682482176
2025-12-09 17:47:55,ENTERTAINMENT,https://www.linkedin.com/feed/update/urn%3Ali%3Aactivity%3A7404154112361119744
2025-12-04 21:38:17,LIKE,https://www.linkedin.com/feed/update/urn%3Ali%3Aactivity%3A7402406354533031938
2025-12-03 20:51:21,LIKE,https://www.linkedin.com/feed/update/urn%3Ali%3Aactivity%3A7402028859988021249
2025-12-02 20:12:50,LIKE,https://www.linkedin.com/feed/update/urn%3Ali%3Aactivity%3A7399854538897227776
2025-12-01 19:19:44,EMPATHY,https://www.linkedin.com/feed/update/urn%3Ali%3AugcPost%3A7399436678316228608
2025-12-01 19:19:35,APPRECIATION,https://www.linkedin.com/feed/update/urn%3Ali%3Aactivity%3A7397673401479225344
2025-12-01 16:02:18,LIKE,https://www.linkedin.com/feed/update/urn%3Ali%3Aactivity%3A7399105975783432192
2025-12-01 16:02:01,LIKE,https://www.linkedin.com/feed/update/urn%3Ali%3AugcPost%3A7394610380259528704
2025-12-01 16:01:54,LIKE,https://www.linkedin.com/feed/update/urn%3Ali%3Aactivity%3A7398782459401633792
2025-12-01 16:01:22,LIKE,https://www.linkedin.com/feed/update/urn%3Ali%3AugcPost%3A7387209994305216512
2025-12-01 16:00:41,EMPATHY,https://www.linkedin.com/feed/update/urn%3Ali%3AugcPost%3A7397424508300783618
2025-12-01 16:00:30,EMPATHY,https://www.linkedin.com/feed/update/urn%3Ali%3Aactivity%3A7399073126682333184
2025-12-01 15:57:16,LIKE,https://www.linkedin.com/feed/update/urn%3Ali%3AugcPost%3A7396638757267062785
2025-11-24 15:51:41,INTEREST,https://www.linkedin.com/feed/update/urn%3Ali%3AugcPost%3A7394612410319364096
2025-11-21 16:01:56,LIKE,https://www.linkedin.com/feed/update/urn%3Ali%3AugcPost%3A7395458998851837952
2025-11-20 21:39:35,EMPATHY,https://www.linkedin.com/feed/update/urn%3Ali%3Aactivity%3A7394962093189423104
2025-11-20 21:36:22,ENTERTAINMENT,https://www.linkedin.com/feed/update/urn%3Ali%3Aactivity%3A7396564846978174976
2025-11-20 21:35:30,EMPATHY,https://www.linkedin.com/feed/update/urn%3Ali%3Aactivity%3A7388635609508057089
2025-11-18 19:28:37,LIKE,https://www.linkedin.com/feed/update/urn%3Ali%3AugcPost%3A7387206884790890496
2025-11-10 16:07:40,LIKE,https://www.linkedin.com/feed/update/urn%3Ali%3AugcPost%3A7379621108121198592
2025-11-10 16:07:36,LIKE,https://www.linkedin.com/feed/update/urn%3Ali%3Aactivity%3A7371607156703313921
2025-11-10 16:07:34,LIKE,https://www.linkedin.com/feed/update/urn%3Ali%3AugcPost%3A7386133395434692608
2025-11-10 16:07:32,LIKE,https://www.linkedin.com/feed/update/urn%3Ali%3Aactivity%3A7387563535716929536
2025-11-10 16:07:21,LIKE,https://www.linkedin.com/feed/update/urn%3Ali%3Aactivity%3A7389054331645456384
2025-11-10 16:07:18,LIKE,https://www.linkedin.com/feed/update/urn%3Ali%3Aactivity%3A7389827118953607168
2025-11-10 16:07:17,LIKE,https://www.linkedin.com/feed/update/urn%3Ali%3Aactivity%3A7389686325425143808
2025-11-10 16:07:15,LIKE,https://www.linkedin.com/feed/update/urn%3Ali%3Aactivity%3A7390964056628617216
2025-11-10 16:07:14,LIKE,https://www.linkedin.com/feed/update/urn%3Ali%3AugcPost%3A7388798511313502208
2025-11-10 16:07:09,INTEREST,https://www.linkedin.com/feed/update/urn%3Ali%3AugcPost%3A7391240173264642049
2025-11-10 16:03:28,LIKE,https://www.linkedin.com/feed/update/urn%3Ali%3Aactivity%3A7392229324957044736
2025-11-10 16:02:52,LIKE,https://www.linkedin.com/feed/update/urn%3Ali%3AugcPost%3A7388799403081474048
2025-11-10 15:41:14,LIKE,https://www.linkedin.com/feed/update/urn%3Ali%3Aactivity%3A7392629418562854912
2025-11-05 19:26:40,LIKE,https://www.linkedin.com/feed/update/urn%3Ali%3Aactivity%3A7391172333454974976
2025-11-05 19:25:48,LIKE,https://www.linkedin.com/feed/update/urn%3Ali%3Aactivity%3A7391900869627166720
2025-11-05 15:36:37,LIKE,https://www.linkedin.com/feed/update/urn%3Ali%3AugcPost%3A7384266628852609024
2025-11-03 16:17:55,LIKE,https://www.linkedin.com/feed/update/urn%3Ali%3AugcPost%3A7386217668250349569
2025-10-30 02:27:47,EMPATHY,https://www.linkedin.com/feed/update/urn%3Ali%3AugcPost%3A7389357235790909441
2025-10-30 02:18:19,LIKE,https://www.linkedin.com/feed/update/urn%3Ali%3AugcPost%3A7386784608924729344
2025-10-29 17:18:18,LIKE,https://www.linkedin.com/feed/update/urn%3Ali%3AugcPost%3A7381714484521988096
2025-10-28 02:09:58,LIKE,https://www.linkedin.com/feed/update/urn%3Ali%3AugcPost%3A7386216854513434624
2025-10-24 17:39:56,LIKE,https://www.linkedin.com/feed/update/urn%3Ali%3AugcPost%3A7385510633309556736
2025-10-22 19:12:09,INTEREST,https://www.linkedin.com/feed/update/urn%3Ali%3Aactivity%3A7386098898525655040
2025-10-22 19:01:57,LIKE,https://www.linkedin.com/feed/update/urn%3Ali%3Aactivity%3A7386823668913491968
2025-10-21 19:16:23,LIKE,https://www.linkedin.com/feed/update/urn%3Ali%3Aactivity%3A7386136663539867648
2025-10-20 15:52:06,LIKE,https://www.linkedin.com/feed/update/urn%3Ali%3Aactivity%3A7385734709839814656
2025-10-17 15:39:00,LIKE,https://www.linkedin.com/feed/update/urn%3Ali%3AugcPost%3A7382388914701119488
2025-10-16 16:43:36,LIKE,https://www.linkedin.com/feed/update/urn%3Ali%3Aactivity%3A7371995975420100609
2025-10-16 16:43:24,LIKE,https://www.linkedin.com/feed/update/urn%3Ali%3AugcPost%3A7369095303574061058
2025-10-16 16:43:22,EMPATHY,https://www.linkedin.com/feed/update/urn%3Ali%3Aactivity%3A7376650380480376832
2025-10-16 16:43:13,LIKE,https://www.linkedin.com/feed/update/urn%3Ali%3AugcPost%3A7371631439622148097
2025-10-16 16:42:17,LIKE,https://www.linkedin.com/feed/update/urn%3Ali%3AugcPost%3A7373493548589109248
2025-10-16 16:42:12,EMPATHY,https://www.linkedin.com/feed/update/urn%3Ali%3Aactivity%3A7381750262694137856
2025-10-16 16:42:07,LIKE,https://www.linkedin.com/feed/update/urn%3Ali%3AugcPost%3A7381524487021821952
2025-10-16 16:42:05,INTEREST,https://www.linkedin.com/feed/update/urn%3Ali%3AugcPost%3A7374516733400788992
2025-10-16 16:41:37,LIKE,https://www.linkedin.com/feed/update/urn%3Ali%3AugcPost%3A7382388333450092544
2025-10-15 16:40:38,LIKE,https://www.linkedin.com/feed/update/urn%3Ali%3Aactivity%3A7376969932061851648
2025-10-15 14:01:24,LIKE,https://www.linkedin.com/feed/update/urn%3Ali%3Aactivity%3A7382066926673469440
2025-10-14 19:57:16,INTEREST,https://www.linkedin.com/feed/update/urn%3Ali%3Aactivity%3A7383562186649956352
2025-10-14 16:14:00,LIKE,https://www.linkedin.com/feed/update/urn%3Ali%3AugcPost%3A7379170314322264064
2025-10-08 15:31:36,LIKE,https://www.linkedin.com/feed/update/urn%3Ali%3Aactivity%3A7381025472761016320
2025-10-08 15:30:19,LIKE,https://www.linkedin.com/feed/update/urn%3Ali%3AugcPost%3A7381504018667270144
2025-10-08 15:28:26,EMPATHY,https://www.linkedin.com/feed/update/urn%3Ali%3Aactivity%3A7381362429781430272
2025-10-03 21:24:08,LIKE,https://www.linkedin.com/feed/update/urn%3Ali%3AugcPost%3A7375970339937345536
2025-10-02 20:42:22,LIKE,https://www.linkedin.com/feed/update/urn%3Ali%3Aactivity%3A7379583454826467329
2025-10-01 22:40:58,LIKE,https://www.linkedin.com/feed/update/urn%3Ali%3AugcPost%3A7375971035034161152
2025-09-29 18:20:17,INTEREST,https://www.linkedin.com/feed/update/urn%3Ali%3Aactivity%3A7377386502143635457
2025-09-25 19:03:31,INTEREST,https://www.linkedin.com/feed/update/urn%3Ali%3AugcPost%3A7375966457492393985
2025-09-25 14:32:00,LIKE,https://www.linkedin.com/feed/update/urn%3Ali%3AugcPost%3A7374102286035390465
2025-09-24 16:28:27,LIKE,https://www.linkedin.com/feed/update/urn%3Ali%3Aactivity%3A7376299329537585152
2025-09-22 14:55:36,LIKE,https://www.linkedin.com/feed/update/urn%3Ali%3Aactivity%3A7374442113138192384
2025-09-22 14:55:31,LIKE,https://www.linkedin.com/feed/update/urn%3Ali%3AugcPost%3A7366581755144794112
2025-09-22 14:55:28,LIKE,https://www.linkedin.com/feed/update/urn%3Ali%3Aactivity%3A7374102392608485377
2025-09-19 17:55:30,INTEREST,https://www.linkedin.com/feed/update/urn%3Ali%3AugcPost%3A7373423092687167488
2025-09-17 14:29:52,LIKE,https://www.linkedin.com/feed/update/urn%3Ali%3Aactivity%3A7373710942901006337
2025-09-15 20:00:12,LIKE,https://www.linkedin.com/feed/update/urn%3Ali%3AugcPost%3A7373422692416286720
2025-09-10 15:12:50,LIKE,https://www.linkedin.com/feed/update/urn%3Ali%3AugcPost%3A7355997996993441792
2025-09-10 15:12:39,EMPATHY,https://www.linkedin.com/feed/update/urn%3Ali%3AugcPost%3A7362230411160076289
2025-09-10 15:12:36,EMPATHY,https://www.linkedin.com/feed/update/urn%3Ali%3AugcPost%3A7363368758637219840
2025-09-10 15:12:29,LIKE,https://www.linkedin.com/feed/update/urn%3Ali%3Aactivity%3A7366862227301208064
2025-09-10 15:12:26,LIKE,https://www.linkedin.com/feed/update/urn%3Ali%3Aactivity%3A7368417376968622081
2025-09-10 15:12:22,LIKE,https://www.linkedin.com/feed/update/urn%3Ali%3Aactivity%3A7368436082855604224
2025-09-10 15:12:20,LIKE,https://www.linkedin.com/feed/update/urn%3Ali%3Aactivity%3A7369051587471622144
2025-09-10 15:12:12,LIKE,https://www.linkedin.com/feed/update/urn%3Ali%3Aactivity%3A7369525214012981248
2025-09-10 15:12:06,LIKE,https://www.linkedin.com/feed/update/urn%3Ali%3AugcPost%3A7363287788709974018
2025-09-10 15:11:56,EMPATHY,https://www.linkedin.com/feed/update/urn%3Ali%3Aactivity%3A7369791482003603457
2025-09-08 20:28:03,INTEREST,https://www.linkedin.com/feed/update/urn%3Ali%3AugcPost%3A7369898502904000512
2025-09-05 00:14:39,LIKE,https://www.linkedin.com/feed/update/urn%3Ali%3AugcPost%3A7367238167499890691
2025-09-03 16:47:28,EMPATHY,https://www.linkedin.com/feed/update/urn%3Ali%3Aactivity%3A7366894627641118720
2025-09-02 19:18:29,LIKE,https://www.linkedin.com/feed/update/urn%3Ali%3AugcPost%3A7361900740715450370
2025-08-29 18:06:16,EMPATHY,https://www.linkedin.com/feed/update/urn%3Ali%3Aactivity%3A7367254748489609216
2025-08-29 18:06:10,EMPATHY,https://www.linkedin.com/feed/update/urn%3Ali%3Aactivity%3A7366889480244350977
2025-08-27 19:53:53,LIKE,https://www.linkedin.com/feed/update/urn%3Ali%3Aactivity%3A7366522088179863553
2025-08-27 17:15:40,LIKE,https://www.linkedin.com/feed/update/urn%3Ali%3Aactivity%3A7366484669782994946
2025-08-26 19:06:39,EMPATHY,https://www.linkedin.com/feed/update/urn%3Ali%3Aactivity%3A7364023425004113920
2025-08-26 19:06:35,LIKE,https://www.linkedin.com/feed/update/urn%3Ali%3AugcPost%3A7358264233400127488
2025-08-26 19:00:02,LIKE,https://www.linkedin.com/feed/update/urn%3Ali%3AugcPost%3A7364031048596316161
2025-08-18 19:04:03,LIKE,https://www.linkedin.com/feed/update/urn%3Ali%3Aactivity%3A7363264676257767425
2025-08-18 17:44:46,INTEREST,https://www.linkedin.com/feed/update/urn%3Ali%3Aactivity%3A7362245459723141120
2025-08-18 17:42:36,LIKE,https://www.linkedin.com/feed/update/urn%3Ali%3Aactivity%3A7363223256603996160
2025-08-14 20:00:43,INTEREST,https://www.linkedin.com/feed/update/urn%3Ali%3Aactivity%3A7361803840557322240
2025-08-13 23:34:34,LIKE,https://www.linkedin.com/feed/update/urn%3Ali%3Aactivity%3A7356817063111282688
2025-08-13 23:34:24,LIKE,https://www.linkedin.com/feed/update/urn%3Ali%3Aactivity%3A7359616257731575810
2025-08-13 23:34:15,LIKE,https://www.linkedin.com/feed/update/urn%3Ali%3AugcPost%3A7353105663180353536
2025-08-13 23:34:02,INTEREST,https://www.linkedin.com/feed/update/urn%3Ali%3AugcPost%3A7359001577438724096
2025-08-12 17:41:55,LIKE,https://www.linkedin.com/feed/update/urn%3Ali%3Aactivity%3A7361079045540773889
2025-08-08 20:20:02,LIKE,https://www.linkedin.com/feed/update/urn%3Ali%3Aactivity%3A7358999372228915201
2025-08-08 20:19:23,INTEREST,https://www.linkedin.com/feed/update/urn%3Ali%3AugcPost%3A7358999884932222976
2025-08-06 17:52:56,LIKE,https://www.linkedin.com/feed/update/urn%3Ali%3Aactivity%3A7358484849826930690
2025-08-06 17:52:06,LIKE,https://www.linkedin.com/feed/update/urn%3Ali%3AugcPost%3A7349541874820337664
2025-08-04 18:57:53,LIKE,https://www.linkedin.com/feed/update/urn%3Ali%3Aactivity%3A7358202589546528770
2025-08-04 18:46:28,LIKE,https://www.linkedin.com/feed/update/urn%3Ali%3Aactivity%3A7357122959569747968
2025-07-31 14:01:18,LIKE,https://www.linkedin.com/feed/update/urn%3Ali%3Aactivity%3A7356352895484588032
2025-07-31 14:00:34,EMPATHY,https://www.linkedin.com/feed/update/urn%3Ali%3AugcPost%3A7351697607590633472
2025-07-29 16:39:53,LIKE,https://www.linkedin.com/feed/update/urn%3Ali%3Aactivity%3A7351309692217782274
2025-07-29 16:39:40,LIKE,https://www.linkedin.com/feed/update/urn%3Ali%3Aactivity%3A7354250277060784129
2025-07-29 16:39:39,LIKE,https://www.linkedin.com/feed/update/urn%3Ali%3Aactivity%3A7354620214287724544
2025-07-29 16:39:32,LIKE,https://www.linkedin.com/feed/update/urn%3Ali%3Aactivity%3A7352049530831351810
2025-07-29 14:47:24,LIKE,https://www.linkedin.com/feed/update/urn%3Ali%3AugcPost%3A7346665181298507777
2025-07-29 11:46:56,LIKE,https://www.linkedin.com/feed/update/urn%3Ali%3AugcPost%3A7351782448285806592
2025-07-29 11:41:16,LIKE,https://www.linkedin.com/feed/update/urn%3Ali%3Aactivity%3A7355733800963715073
2025-07-23 14:54:13,LIKE,https://www.linkedin.com/feed/update/urn%3Ali%3AugcPost%3A7346658897224482817
2025-07-22 15:48:22,LIKE,https://www.linkedin.com/feed/update/urn%3Ali%3Aactivity%3A7353271098416734209
2025-07-17 22:10:50,EMPATHY,https://www.linkedin.com/feed/update/urn%3Ali%3Aactivity%3A7351709798414827520
2025-07-15 18:17:31,LIKE,https://www.linkedin.com/feed/update/urn%3Ali%3AugcPost%3A7343000868096495616
2025-07-14 21:30:22,EMPATHY,https://www.linkedin.com/feed/update/urn%3Ali%3Aactivity%3A7350630196305104898
2025-07-11 17:05:09,LIKE,https://www.linkedin.com/feed/update/urn%3Ali%3Aactivity%3A7349483853910073345
2025-07-11 16:54:13,INTEREST,https://www.linkedin.com/feed/update/urn%3Ali%3Aactivity%3A7349120263650750464
2025-07-11 02:34:29,LIKE,https://www.linkedin.com/feed/update/urn%3Ali%3Aactivity%3A7348847377241305088
2025-07-09 18:09:28,LIKE,https://www.linkedin.com/feed/update/urn%3Ali%3Aactivity%3A7348772957378199553
2025-07-08 16:43:39,LIKE,https://www.linkedin.com/feed/update/urn%3Ali%3AugcPost%3A7333958850573672448
2025-07-07 16:32:40,LIKE,https://www.linkedin.com/feed/update/urn%3Ali%3Aactivity%3A7346601601291210752
2025-07-07 16:32:31,LIKE,https://www.linkedin.com/feed/update/urn%3Ali%3AugcPost%3A7345809488752312322
2025-07-07 16:32:08,INTEREST,https://www.linkedin.com/feed/update/urn%3Ali%3AugcPost%3A7347991679842377729
2025-07-03 21:51:25,EMPATHY,https://www.linkedin.com/feed/update/urn%3Ali%3Aactivity%3A7346633097725034497
2025-07-03 18:08:57,INTEREST,https://www.linkedin.com/feed/update/urn%3Ali%3AugcPost%3A7344713240167288832
2025-07-03 18:08:53,LIKE,https://www.linkedin.com/feed/update/urn%3Ali%3Aactivity%3A7346591060497784832
2025-07-01 17:44:23,LIKE,https://www.linkedin.com/feed/update/urn%3Ali%3AugcPost%3A7336901137243021312
2025-07-01 17:44:19,LIKE,https://www.linkedin.com/feed/update/urn%3Ali%3Aactivity%3A7345485259750195202
2025-07-01 02:04:07,LIKE,https://www.linkedin.com/feed/update/urn%3Ali%3Aactivity%3A7338337252420263937
2025-07-01 01:43:49,LIKE,https://www.linkedin.com/feed/update/urn%3Ali%3Aactivity%3A7345485022302298112
2025-06-30 16:04:51,INTEREST,https://www.linkedin.com/feed/update/urn%3Ali%3Aactivity%3A7344428073544482816
2025-06-26 18:01:32,LIKE,https://www.linkedin.com/feed/update/urn%3Ali%3AugcPost%3A7342943392529580033
2025-06-25 21:26:40,EMPATHY,https://www.linkedin.com/feed/update/urn%3Ali%3AugcPost%3A7343674548317302787
2025-06-25 21:25:38,INTEREST,https://www.linkedin.com/feed/update/urn%3Ali%3Aactivity%3A7343699529138855936
2025-06-25 20:48:02,LIKE,https://www.linkedin.com/feed/update/urn%3Ali%3Aactivity%3A7343663848245100544
2025-06-24 15:16:33,LIKE,https://www.linkedin.com/feed/update/urn%3Ali%3AugcPost%3A7334336601319251969
2025-06-23 15:00:13,LIKE,https://www.linkedin.com/feed/update/urn%3Ali%3Aactivity%3A7341842298223194112
2025-06-23 14:59:48,LIKE,https://www.linkedin.com/feed/update/urn%3Ali%3Aactivity%3A7341887595024388097
2025-06-19 21:47:41,LIKE,https://www.linkedin.com/feed/update/urn%3Ali%3Aactivity%3A7341562796905590784
2025-06-19 19:31:52,LIKE,https://www.linkedin.com/feed/update/urn%3Ali%3AugcPost%3A7338967039966941185
2025-06-17 15:24:42,LIKE,https://www.linkedin.com/feed/update/urn%3Ali%3Aactivity%3A7340761155570700291
2025-06-17 15:24:35,LIKE,https://www.linkedin.com/feed/update/urn%3Ali%3AugcPost%3A7339428649810411520
2025-06-17 15:22:09,LIKE,https://www.linkedin.com/feed/update/urn%3Ali%3Aactivity%3A7340759128241315859
2025-06-13 20:45:47,LIKE,https://www.linkedin.com/feed/update/urn%3Ali%3Aactivity%3A7339384824765284352
2025-06-13 03:57:50,LIKE,https://www.linkedin.com/feed/update/urn%3Ali%3AugcPost%3A7337887552248369152
2025-06-11 18:02:26,LIKE,https://www.linkedin.com/feed/update/urn%3Ali%3Aactivity%3A7338626104116613121
2025-06-11 17:56:46,EMPATHY,https://www.linkedin.com/feed/update/urn%3Ali%3Aactivity%3A7338607216972787712
2025-06-10 22:48:47,LIKE,https://www.linkedin.com/feed/update/urn%3Ali%3Aactivity%3A7338275010957987842
2025-06-10 15:13:52,LIKE,https://www.linkedin.com/feed/update/urn%3Ali%3AugcPost%3A7333943064362700802
2025-06-09 21:02:53,LIKE,https://www.linkedin.com/feed/update/urn%3Ali%3Aactivity%3A7337946618651906048
2025-06-09 18:18:05,LIKE,https://www.linkedin.com/feed/update/urn%3Ali%3Aactivity%3A7325220325762191360
2025-06-09 17:33:06,LIKE,https://www.linkedin.com/feed/update/urn%3Ali%3Aactivity%3A7335394784242458624
2025-06-09 17:33:03,LIKE,https://www.linkedin.com/feed/update/urn%3Ali%3AugcPost%3A7333910108185182208
2025-06-09 17:32:18,LIKE,https://www.linkedin.com/feed/update/urn%3Ali%3Aactivity%3A7337859783309307906
2025-06-06 23:47:33,EMPATHY,https://www.linkedin.com/feed/update/urn%3Ali%3Aactivity%3A7336763494526050304
2025-06-06 20:33:58,LIKE,https://www.linkedin.com/feed/update/urn%3Ali%3AugcPost%3A7334917565758029825
2025-06-06 20:32:45,LIKE,https://www.linkedin.com/feed/update/urn%3Ali%3AugcPost%3A7336831136372879361
2025-06-05 23:33:17,LIKE,https://www.linkedin.com/feed/update/urn%3Ali%3Aactivity%3A7336418952014663680
2025-06-05 21:07:48,LIKE,https://www.linkedin.com/feed/update/urn%3Ali%3Aactivity%3A7336497060084350976
2025-06-05 15:47:29,LIKE,https://www.linkedin.com/feed/update/urn%3Ali%3Aactivity%3A7336191068138287104
2025-05-30 22:15:55,LIKE,https://www.linkedin.com/feed/update/urn%3Ali%3Aactivity%3A7334334042500132864
2025-05-29 23:48:48,LIKE,https://www.linkedin.com/feed/update/urn%3Ali%3AugcPost%3A7331425988062396416
2025-05-29 17:09:05,INTEREST,https://www.linkedin.com/feed/update/urn%3Ali%3Aactivity%3A7333567747554967552
2025-05-28 16:48:38,LIKE,https://www.linkedin.com/feed/update/urn%3Ali%3Aactivity%3A7333289625202892800
2025-05-27 18:39:48,LIKE,https://www.linkedin.com/feed/update/urn%3Ali%3AugcPost%3A7325219282777165824
2025-05-26 21:04:58,LIKE,https://www.linkedin.com/feed/update/urn%3Ali%3Aactivity%3A7332873167155138561
2025-05-23 18:04:40,LIKE,https://www.linkedin.com/feed/update/urn%3Ali%3Aactivity%3A7331710505796927488
2025-05-23 04:16:52,LIKE,https://www.linkedin.com/feed/update/urn%3Ali%3Aactivity%3A7331402237774102529
2025-05-23 04:02:59,LIKE,https://www.linkedin.com/feed/update/urn%3Ali%3Aactivity%3A7331423635095588864
2025-05-23 04:02:12,EMPATHY,https://www.linkedin.com/feed/update/urn%3Ali%3AugcPost%3A7331361004515155969
2025-05-22 13:03:46,LIKE,https://www.linkedin.com/feed/update/urn%3Ali%3AugcPost%3A7325220764893270016
2025-05-21 22:01:10,LIKE,https://www.linkedin.com/feed/update/urn%3Ali%3Aactivity%3A7331046133210738688
2025-05-19 17:29:07,LIKE,https://www.linkedin.com/feed/update/urn%3Ali%3Aactivity%3A7330281353940258817
2025-05-19 17:14:22,LIKE,https://www.linkedin.com/feed/update/urn%3Ali%3Aactivity%3A7330277803113766913
2025-05-17 15:44:18,LIKE,https://www.linkedin.com/feed/update/urn%3Ali%3Aactivity%3A7329249287958163456
2025-05-16 19:07:49,INTEREST,https://www.linkedin.com/feed/update/urn%3Ali%3Aactivity%3A7329196746843000832
2025-05-16 18:53:58,LIKE,https://www.linkedin.com/feed/update/urn%3Ali%3Aactivity%3A7328886910729326592
2025-05-16 18:53:51,LIKE,https://www.linkedin.com/feed/update/urn%3Ali%3Aactivity%3A7329215412200529921
2025-05-16 18:53:45,LIKE,https://www.linkedin.com/feed/update/urn%3Ali%3Aactivity%3A7329216014364135424
2025-05-16 18:38:48,LIKE,https://www.linkedin.com/feed/update/urn%3Ali%3Aactivity%3A7329075214804299777
2025-05-14 22:10:41,LIKE,https://www.linkedin.com/feed/update/urn%3Ali%3AugcPost%3A7325938001866317824
2025-05-13 15:56:43,LIKE,https://www.linkedin.com/feed/update/urn%3Ali%3AugcPost%3A7325220411208519681
2025-05-12 18:39:25,LIKE,https://www.linkedin.com/feed/update/urn%3Ali%3AugcPost%3A7323924571458285568
2025-05-11 22:00:36,LIKE,https://www.linkedin.com/feed/update/urn%3Ali%3AugcPost%3A7323923059973799936
2025-05-11 22:00:33,LIKE,https://www.linkedin.com/feed/update/urn%3Ali%3Aactivity%3A7326274703365439489
2025-05-11 22:00:29,LIKE,https://www.linkedin.com/feed/update/urn%3Ali%3Aactivity%3A7326644625539002368
2025-05-11 20:47:42,EMPATHY,https://www.linkedin.com/feed/update/urn%3Ali%3Aactivity%3A7326703101204140034
2025-05-06 15:57:40,LIKE,https://www.linkedin.com/feed/update/urn%3Ali%3AugcPost%3A7325220039500926977
2025-05-05 20:00:36,LIKE,https://www.linkedin.com/feed/update/urn%3Ali%3Aactivity%3A7325232835173236738
2025-05-02 17:13:57,EMPATHY,https://www.linkedin.com/feed/update/urn%3Ali%3AugcPost%3A7320485503324049408
2025-04-30 17:00:04,LIKE,https://www.linkedin.com/feed/update/urn%3Ali%3Aactivity%3A7323386912612708352
2025-04-29 15:38:30,INTEREST,https://www.linkedin.com/feed/update/urn%3Ali%3AugcPost%3A7320122599487782912
2025-04-28 17:34:02,LIKE,https://www.linkedin.com/feed/update/urn%3Ali%3Aactivity%3A7322662146314526720
2025-04-25 17:29:33,LIKE,https://www.linkedin.com/feed/update/urn%3Ali%3Aactivity%3A7321578745843081216
2025-04-25 15:34:46,LIKE,https://www.linkedin.com/feed/update/urn%3Ali%3Aactivity%3A7315734756892049408
2025-04-24 18:41:41,LIKE,https://www.linkedin.com/feed/update/urn%3Ali%3AugcPost%3A7321241599848443904
2025-04-23 17:10:26,INTEREST,https://www.linkedin.com/feed/update/urn%3Ali%3AugcPost%3A7319012547121111040
2025-04-21 17:35:12,LIKE,https://www.linkedin.com/feed/update/urn%3Ali%3Aactivity%3A7320129233744199680
2025-04-18 18:19:13,LIKE,https://www.linkedin.com/feed/update/urn%3Ali%3AugcPost%3A7317110505251180544
2025-04-18 15:28:30,LIKE,https://www.linkedin.com/feed/update/urn%3Ali%3Aactivity%3A7318995656302346241
2025-04-17 19:32:58,LIKE,https://www.linkedin.com/feed/update/urn%3Ali%3Aactivity%3A7318694760867655681
2025-04-16 17:51:12,LIKE,https://www.linkedin.com/feed/update/urn%3Ali%3Aactivity%3A7318328578876567555
2025-04-15 18:51:33,INTEREST,https://www.linkedin.com/feed/update/urn%3Ali%3AugcPost%3A7312599163265814528
2025-04-11 18:55:51,EMPATHY,https://www.linkedin.com/feed/update/urn%3Ali%3Aactivity%3A7316534375217565696
2025-04-11 03:55:29,LIKE,https://www.linkedin.com/feed/update/urn%3Ali%3AugcPost%3A7314568028686327808
2025-04-08 15:48:49,LIKE,https://www.linkedin.com/feed/update/urn%3Ali%3AugcPost%3A7310020374715342848
2025-04-07 17:33:15,INTEREST,https://www.linkedin.com/feed/update/urn%3Ali%3Aactivity%3A7315063339221442560
2025-04-04 17:15:00,LIKE,https://www.linkedin.com/feed/update/urn%3Ali%3AugcPost%3A7311058506395086849
2025-04-04 03:43:20,EMPATHY,https://www.linkedin.com/feed/update/urn%3Ali%3Aactivity%3A7313630216956825600
2025-04-03 21:18:10,EMPATHY,https://www.linkedin.com/feed/update/urn%3Ali%3Aactivity%3A7313606255011336193
2025-04-01 22:28:21,LIKE,https://www.linkedin.com/feed/update/urn%3Ali%3AugcPost%3A7306384759872438272
2025-03-31 17:32:38,INTEREST,https://www.linkedin.com/feed/update/urn%3Ali%3Aactivity%3A7312511536202182656
2025-03-27 23:36:48,INTEREST,https://www.linkedin.com/feed/update/urn%3Ali%3Aactivity%3A7310722239815966721
2025-03-27 23:35:49,LIKE,https://www.linkedin.com/feed/update/urn%3Ali%3Aactivity%3A7311063672007671810
2025-03-25 15:45:30,LIKE,https://www.linkedin.com/feed/update/urn%3Ali%3AugcPost%3A7304963446549221376
2025-03-25 00:07:22,LIKE,https://www.linkedin.com/feed/update/urn%3Ali%3Aactivity%3A7310076697750491138
2025-03-21 18:44:44,LIKE,https://www.linkedin.com/feed/update/urn%3Ali%3Aactivity%3A7308902734403936259
2025-03-20 18:43:54,INTEREST,https://www.linkedin.com/feed/update/urn%3Ali%3AugcPost%3A7306347420974510081
2025-03-19 18:13:00,LIKE,https://www.linkedin.com/feed/update/urn%3Ali%3Aactivity%3A7308091310802923520
2025-03-19 18:06:38,LIKE,https://www.linkedin.com/feed/update/urn%3Ali%3Aactivity%3A7308162852085755904
2025-03-18 18:20:22,EMPATHY,https://www.linkedin.com/feed/update/urn%3Ali%3AugcPost%3A7307392728256983041
2025-03-18 18:02:55,LIKE,https://www.linkedin.com/feed/update/urn%3Ali%3AugcPost%3A7302467659336454144
2025-03-17 16:51:50,LIKE,https://www.linkedin.com/feed/update/urn%3Ali%3Aactivity%3A7307438101444849667
2025-03-14 20:20:29,LIKE,https://www.linkedin.com/feed/update/urn%3Ali%3AugcPost%3A7306406304737107969
2025-03-14 20:11:48,EMPATHY,https://www.linkedin.com/feed/update/urn%3Ali%3Aactivity%3A7306384142433206272
2025-03-14 17:36:39,LIKE,https://www.linkedin.com/feed/update/urn%3Ali%3Aactivity%3A7306366014106013697
2025-03-13 18:24:48,LIKE,https://www.linkedin.com/feed/update/urn%3Ali%3Aactivity%3A7306003623933612032
2025-03-12 18:01:43,INTEREST,https://www.linkedin.com/feed/update/urn%3Ali%3AugcPost%3A7303463173175582721
2025-03-11 22:40:08,LIKE,https://www.linkedin.com/feed/update/urn%3Ali%3AugcPost%3A7305304727657844736
2025-03-11 15:28:08,LIKE,https://www.linkedin.com/feed/update/urn%3Ali%3AugcPost%3A7299905685679456257
2025-03-06 23:38:10,EMPATHY,https://www.linkedin.com/feed/update/urn%3Ali%3Aactivity%3A7303482012110102530
2025-03-05 23:38:22,LIKE,https://www.linkedin.com/feed/update/urn%3Ali%3Aactivity%3A7303119620951957505
2025-03-04 18:41:39,INTEREST,https://www.linkedin.com/feed/update/urn%3Ali%3AugcPost%3A7297362269531779072
2025-02-28 18:55:27,INTEREST,https://www.linkedin.com/feed/update/urn%3Ali%3Aactivity%3A7301292583652122624
2025-02-27 18:15:05,INTEREST,https://www.linkedin.com/feed/update/urn%3Ali%3AugcPost%3A7297663707705176064
2025-02-26 19:07:04,INTEREST,https://www.linkedin.com/feed/update/urn%3Ali%3Aactivity%3A7300587618440810496
2025-02-26 16:51:11,LIKE,https://www.linkedin.com/feed/update/urn%3Ali%3Aactivity%3A7300543998690050048
2025-02-25 21:23:42,LIKE,https://www.linkedin.com/feed/update/urn%3Ali%3Aactivity%3A7291527590278742017
2025-02-25 21:23:39,LIKE,https://www.linkedin.com/feed/update/urn%3Ali%3Aactivity%3A7292031266076381184
2025-02-25 21:23:34,LIKE,https://www.linkedin.com/feed/update/urn%3Ali%3AugcPost%3A7293282393405198337
2025-02-25 21:23:24,LIKE,https://www.linkedin.com/feed/update/urn%3Ali%3Aactivity%3A7297372974024642560
2025-02-25 21:23:20,LIKE,https://www.linkedin.com/feed/update/urn%3Ali%3Aactivity%3A7297824109516705793
2025-02-25 21:23:17,LIKE,https://www.linkedin.com/feed/update/urn%3Ali%3AugcPost%3A7298717460604534784
2025-02-25 21:23:02,LIKE,https://www.linkedin.com/feed/update/urn%3Ali%3Aactivity%3A7299921153408610305
2025-02-25 21:22:51,LIKE,https://www.linkedin.com/feed/update/urn%3Ali%3Aactivity%3A7299338322882007040
2025-02-25 21:22:40,INTEREST,https://www.linkedin.com/feed/update/urn%3Ali%3Aactivity%3A7299884740055040000
2025-02-25 16:44:54,LIKE,https://www.linkedin.com/feed/update/urn%3Ali%3AugcPost%3A7296307722205937665
2025-02-24 17:21:31,INTEREST,https://www.linkedin.com/feed/update/urn%3Ali%3Aactivity%3A7299839265713119232
2025-02-21 17:50:57,LIKE,https://www.linkedin.com/feed/update/urn%3Ali%3Aactivity%3A7298755863194853377
2025-02-20 21:17:36,EMPATHY,https://www.linkedin.com/feed/update/urn%3Ali%3Aactivity%3A7298385939842633728
2025-02-19 17:49:28,INTEREST,https://www.linkedin.com/feed/update/urn%3Ali%3Aactivity%3A7298023541432553473
2025-02-18 16:17:54,LIKE,https://www.linkedin.com/feed/update/urn%3Ali%3AugcPost%3A7296305055186501632
2025-02-14 18:06:24,INTEREST,https://www.linkedin.com/feed/update/urn%3Ali%3Aactivity%3A7296226696280567808
2025-02-14 17:27:26,INTEREST,https://www.linkedin.com/feed/update/urn%3Ali%3AugcPost%3A7293359223545991168
2025-02-13 18:47:46,INTEREST,https://www.linkedin.com/feed/update/urn%3Ali%3AugcPost%3A7292576814579777536
2025-02-12 22:57:38,LIKE,https://www.linkedin.com/feed/update/urn%3Ali%3Aactivity%3A7295501957224390657
2025-02-07 21:58:20,LIKE,https://www.linkedin.com/feed/update/urn%3Ali%3Aactivity%3A7293748686180732930
2025-02-07 21:54:49,LIKE,https://www.linkedin.com/feed/update/urn%3Ali%3Aactivity%3A7293703535215484928
2025-02-07 21:45:44,LIKE,https://www.linkedin.com/feed/update/urn%3Ali%3Aactivity%3A7293651543147302912
2025-02-06 21:26:38,INTEREST,https://www.linkedin.com/feed/update/urn%3Ali%3Aactivity%3A7293314462466338819
2025-02-06 16:46:54,INTEREST,https://www.linkedin.com/feed/update/urn%3Ali%3Aactivity%3A7292950098899034112
2025-02-03 21:26:57,LIKE,https://www.linkedin.com/feed/update/urn%3Ali%3Aactivity%3A7292232892846346242
2025-01-31 21:35:18,LIKE,https://www.linkedin.com/feed/update/urn%3Ali%3Aactivity%3A7289818927612805120
2025-01-31 18:47:45,LIKE,https://www.linkedin.com/feed/update/urn%3Ali%3AugcPost%3A7290045654477762563
2025-01-31 18:43:39,LIKE,https://www.linkedin.com/feed/update/urn%3Ali%3Aactivity%3A7291138197684645888
2025-01-30 05:06:32,LIKE,https://www.linkedin.com/feed/update/urn%3Ali%3Aactivity%3A7290413394325573633
2025-01-27 22:15:32,LIKE,https://www.linkedin.com/feed/update/urn%3Ali%3Aactivity%3A7289760393172860929
2025-01-24 16:29:03,LIKE,https://www.linkedin.com/feed/update/urn%3Ali%3Aactivity%3A7281022419694170112
2025-01-24 16:18:38,LIKE,https://www.linkedin.com/feed/update/urn%3Ali%3Aactivity%3A7288254229922635777
2025-01-22 22:00:41,LIKE,https://www.linkedin.com/feed/update/urn%3Ali%3AugcPost%3A7287142112758763520
2025-01-16 17:42:31,LIKE,https://www.linkedin.com/feed/update/urn%3Ali%3AugcPost%3A7278592952115879936
2025-01-16 17:42:22,LIKE,https://www.linkedin.com/feed/update/urn%3Ali%3Aactivity%3A7284653180531994624
2025-01-16 17:42:16,LIKE,https://www.linkedin.com/feed/update/urn%3Ali%3Aactivity%3A7285357685233897473
2025-01-10 18:23:26,LIKE,https://www.linkedin.com/feed/update/urn%3Ali%3Aactivity%3A7282848553159307265
2025-01-10 18:23:16,LIKE,https://www.linkedin.com/feed/update/urn%3Ali%3Aactivity%3A7283226032361402370
2025-01-09 17:27:14,LIKE,https://www.linkedin.com/feed/update/urn%3Ali%3Aactivity%3A7280991309639675904
2025-01-09 17:27:02,LIKE,https://www.linkedin.com/feed/update/urn%3Ali%3AugcPost%3A7278591915908878336
2025-01-03 14:43:26,LIKE,https://www.linkedin.com/feed/update/urn%3Ali%3AugcPost%3A7278588289945600000
2025-01-03 14:43:20,LIKE,https://www.linkedin.com/feed/update/urn%3Ali%3Aactivity%3A7280266546126475264
2025-01-03 14:42:57,LIKE,https://www.linkedin.com/feed/update/urn%3Ali%3Aactivity%3A7280704414783262720
2024-12-30 06:04:22,LIKE,https://www.linkedin.com/feed/update/urn%3Ali%3Aactivity%3A7275933008853897218
2024-12-30 06:04:15,LIKE,https://www.linkedin.com/feed/update/urn%3Ali%3AugcPost%3A7276008650089914368
2024-12-30 06:03:51,LIKE,https://www.linkedin.com/feed/update/urn%3Ali%3Aactivity%3A7277729831541182465
2024-12-30 06:03:47,LIKE,https://www.linkedin.com/feed/update/urn%3Ali%3Aactivity%3A7278137506959704064
2024-12-30 06:03:24,LIKE,https://www.linkedin.com/feed/update/urn%3Ali%3Aactivity%3A7278472419667828736
2024-12-18 22:32:56,LIKE,https://www.linkedin.com/feed/update/urn%3Ali%3AugcPost%3A7274827323021946881
2024-12-16 21:25:02,LIKE,https://www.linkedin.com/feed/update/urn%3Ali%3AugcPost%3A7271867188821581824
2024-12-16 21:24:56,LIKE,https://www.linkedin.com/feed/update/urn%3Ali%3Aactivity%3A7273411364826533888
2024-12-16 21:24:42,LIKE,https://www.linkedin.com/feed/update/urn%3Ali%3Aactivity%3A7273758666124611584
2024-12-16 21:22:15,LIKE,https://www.linkedin.com/feed/update/urn%3Ali%3AugcPost%3A7274412896158175232
2024-12-09 02:16:04,LIKE,https://www.linkedin.com/feed/update/urn%3Ali%3AugcPost%3A7267583830641754112
2024-12-06 00:16:48,LIKE,https://www.linkedin.com/feed/update/urn%3Ali%3Aactivity%3A7270485831180566528
2024-12-04 20:40:42,LIKE,https://www.linkedin.com/feed/update/urn%3Ali%3AugcPost%3A7270165015326834689
2024-12-04 01:52:29,LIKE,https://www.linkedin.com/feed/update/urn%3Ali%3AugcPost%3A7264676148381446144
2024-12-04 01:52:23,LIKE,https://www.linkedin.com/feed/update/urn%3Ali%3Aactivity%3A7265786189905874945
2024-12-04 01:52:18,LIKE,https://www.linkedin.com/feed/update/urn%3Ali%3Aactivity%3A7266884596816912384
2024-12-04 01:52:12,LIKE,https://www.linkedin.com/feed/update/urn%3Ali%3Aactivity%3A7267575307249897473
2024-12-04 01:52:04,LIKE,https://www.linkedin.com/feed/update/urn%3Ali%3Aactivity%3A7267960472790859777
2024-12-04 01:51:55,LIKE,https://www.linkedin.com/feed/update/urn%3Ali%3Aactivity%3A7268334153912254464
2024-12-04 01:51:49,LIKE,https://www.linkedin.com/feed/update/urn%3Ali%3Aactivity%3A7269410025318625283
2024-11-21 01:38:19,LIKE,https://www.linkedin.com/feed/update/urn%3Ali%3Aactivity%3A7257261967017455616
2024-11-21 01:38:08,LIKE,https://www.linkedin.com/feed/update/urn%3Ali%3Aactivity%3A7260692560409452544
2024-11-21 01:38:07,LIKE,https://www.linkedin.com/feed/update/urn%3Ali%3AugcPost%3A7264674429966700544
2024-11-21 01:38:04,LIKE,https://www.linkedin.com/feed/update/urn%3Ali%3AugcPost%3A7261383605732397056
2024-11-21 01:38:02,LIKE,https://www.linkedin.com/feed/update/urn%3Ali%3Aactivity%3A7265061391684812800
2024-11-14 23:42:49,LIKE,https://www.linkedin.com/feed/update/urn%3Ali%3Aactivity%3A7262524635827617792
2024-11-14 23:42:46,LIKE,https://www.linkedin.com/feed/update/urn%3Ali%3Aactivity%3A7262887079615848449
2024-11-13 18:44:58,LIKE,https://www.linkedin.com/feed/update/urn%3Ali%3Aactivity%3A7259980463841132544
2024-11-12 18:22:10,LIKE,https://www.linkedin.com/feed/update/urn%3Ali%3Aactivity%3A7261799848465596416
2024-11-08 04:31:29,LIKE,https://www.linkedin.com/feed/update/urn%3Ali%3Aactivity%3A7260353457973272577
2024-11-08 04:31:22,LIKE,https://www.linkedin.com/feed/update/urn%3Ali%3Aactivity%3A7260421144078385152
2024-11-04 23:49:38,LIKE,https://www.linkedin.com/feed/update/urn%3Ali%3Aactivity%3A7259251807107895296
2024-11-03 08:53:41,LIKE,https://www.linkedin.com/feed/update/urn%3Ali%3Aactivity%3A7254899435032248323
2024-11-03 08:52:59,LIKE,https://www.linkedin.com/feed/update/urn%3Ali%3Aactivity%3A7257803810679496705
2024-11-03 08:52:40,LIKE,https://www.linkedin.com/feed/update/urn%3Ali%3Aactivity%3A7258206181960105984
2024-10-31 20:33:25,EMPATHY,https://www.linkedin.com/feed/update/urn%3Ali%3AugcPost%3A7257832239818825728
2024-10-29 21:01:22,LIKE,https://www.linkedin.com/feed/update/urn%3Ali%3AugcPost%3A7253842699034746880
2024-10-25 16:55:58,LIKE,https://www.linkedin.com/feed/update/urn%3Ali%3AugcPost%3A7247379941476966400
2024-10-25 16:55:39,LIKE,https://www.linkedin.com/feed/update/urn%3Ali%3Aactivity%3A7249705513007886336
2024-10-25 16:55:33,LIKE,https://www.linkedin.com/feed/update/urn%3Ali%3AugcPost%3A7250429984031268864
2024-10-25 16:55:27,LIKE,https://www.linkedin.com/feed/update/urn%3Ali%3Aactivity%3A7252362773219721217
2024-10-25 16:55:20,LIKE,https://www.linkedin.com/feed/update/urn%3Ali%3Aactivity%3A7253117869243187201
2024-10-25 16:55:13,LIKE,https://www.linkedin.com/feed/update/urn%3Ali%3Aactivity%3A7254174657346498563
2024-10-25 16:54:58,LIKE,https://www.linkedin.com/feed/update/urn%3Ali%3AugcPost%3A7253841630007283712
2024-10-22 04:45:57,LIKE,https://www.linkedin.com/feed/update/urn%3Ali%3Aactivity%3A7253899108870938625
2024-10-08 20:07:25,LIKE,https://www.linkedin.com/feed/update/urn%3Ali%3Aactivity%3A7248089616241606657
2024-09-09 17:22:29,LIKE,https://www.linkedin.com/feed/update/urn%3Ali%3AugcPost%3A7237942759016251392
2024-09-05 18:09:23,LIKE,https://www.linkedin.com/feed/update/urn%3Ali%3AugcPost%3A7237233083140186112
2024-08-26 18:46:14,LIKE,https://www.linkedin.com/feed/update/urn%3Ali%3Aactivity%3A7232769921196158976
2024-08-22 17:03:34,LIKE,https://www.linkedin.com/feed/update/urn%3Ali%3Aactivity%3A7232177765154766848
2024-08-02 23:04:57,LIKE,https://www.linkedin.com/feed/update/urn%3Ali%3AugcPost%3A7224911844975554560
2024-06-21 23:53:43,LIKE,https://www.linkedin.com/feed/update/urn%3Ali%3AugcPost%3A7209087892281827330?commentUrn=urn%3Ali%3Acomment%3A%28ugcPost%3A7209087892281827330%2C7210066237383450625%29
2024-04-30 23:29:11,LIKE,https://www.linkedin.com/feed/update/urn%3Ali%3Aactivity%3A7191119222289190912
2024-04-25 17:57:41,LIKE,https://www.linkedin.com/feed/update/urn%3Ali%3Aactivity%3A7189035602355326976
2024-04-09 20:35:00,LIKE,https://www.linkedin.com/feed/update/urn%3Ali%3Aactivity%3A7183509586455195648
2024-04-05 20:03:43,LIKE,https://www.linkedin.com/feed/update/urn%3Ali%3Aactivity%3A7178073269034524672
2024-04-05 20:03:41,LIKE,https://www.linkedin.com/feed/update/urn%3Ali%3Aactivity%3A7178798263947472896
2024-04-05 20:03:38,LIKE,https://www.linkedin.com/feed/update/urn%3Ali%3AugcPost%3A7179522818873724928
2024-04-05 20:03:36,LIKE,https://www.linkedin.com/feed/update/urn%3Ali%3AugcPost%3A7181349971416289280
2024-04-05 20:03:30,LIKE,https://www.linkedin.com/feed/update/urn%3Ali%3Aactivity%3A7182060000784121856
2024-03-21 18:31:15,LIKE,https://www.linkedin.com/feed/update/urn%3Ali%3AugcPost%3A7176623700060876801
2023-10-07 02:04:16,LIKE,https://www.linkedin.com/feed/update/urn%3Ali%3Aactivity%3A7115023508539113474
2023-10-07 02:03:36,LIKE,https://www.linkedin.com/feed/update/urn%3Ali%3Aactivity%3A7115843678232858624
2023-08-21 15:14:24,LIKE,https://www.linkedin.com/feed/update/urn%3Ali%3AugcPost%3A7097287269258035200
2023-07-18 22:12:52,PRAISE,https://www.linkedin.com/feed/update/urn%3Ali%3AugcPost%3A7085302957390319616
2023-07-15 00:08:20,LIKE,https://www.linkedin.com/feed/update/urn%3Ali%3Aactivity%3A7085670157246730240
2023-07-06 23:41:09,LIKE,https://www.linkedin.com/feed/update/urn%3Ali%3Aactivity%3A7082749930062188544
2023-06-08 01:31:50,LIKE,https://www.linkedin.com/feed/update/urn%3Ali%3Aactivity%3A7072284200522969089
2023-05-27 16:09:05,LIKE,https://www.linkedin.com/feed/update/urn%3Ali%3Aactivity%3A7068002905827536896
2023-05-22 23:20:28,LIKE,https://www.linkedin.com/feed/update/urn%3Ali%3Aactivity%3A7058945831730630656
2023-05-19 00:24:45,LIKE,https://www.linkedin.com/feed/update/urn%3Ali%3Aactivity%3A7064993401108062210
2023-05-15 04:46:24,LIKE,https://www.linkedin.com/feed/update/urn%3Ali%3Aactivity%3A7059236113814540289
2023-05-08 19:54:47,LIKE,https://www.linkedin.com/feed/update/urn%3Ali%3Aactivity%3A7061370344023986176
2023-05-05 22:39:17,LIKE,https://www.linkedin.com/feed/update/urn%3Ali%3AugcPost%3A7059868356958384128
2023-05-05 14:26:50,LIKE,https://www.linkedin.com/feed/update/urn%3Ali%3Aactivity%3A7059976250399850496
2023-05-04 14:55:50,LIKE,https://www.linkedin.com/feed/update/urn%3Ali%3Aactivity%3A7059186171666452481
2023-04-08 01:43:13,LIKE,https://www.linkedin.com/feed/update/urn%3Ali%3Aactivity%3A7050211766428979200
2023-04-01 21:28:48,LIKE,https://www.linkedin.com/feed/update/urn%3Ali%3Aactivity%3A7048030405978959872
2023-03-27 23:21:06,LIKE,https://www.linkedin.com/feed/update/urn%3Ali%3AugcPost%3A7045915736078196736
2023-03-22 05:17:50,LIKE,https://www.linkedin.com/feed/update/urn%3Ali%3Aactivity%3A7044005585175928832
2023-03-21 01:20:03,LIKE,https://www.linkedin.com/feed/update/urn%3Ali%3AugcPost%3A7043589617161248768
2023-02-24 16:43:25,PRAISE,https://www.linkedin.com/feed/update/urn%3Ali%3Aactivity%3A7034882136113364992
2023-02-16 00:08:39,LIKE,https://www.linkedin.com/feed/update/urn%3Ali%3Aactivity%3A7027420738630410240
2022-10-13 14:30:04,LIKE,https://www.linkedin.com/feed/update/urn%3Ali%3AugcPost%3A6986245231729938432
2022-10-05 22:04:37,LIKE,https://www.linkedin.com/feed/update/urn%3Ali%3AugcPost%3A6974100612921655296
2022-09-16 21:40:13,LIKE,https://www.linkedin.com/feed/update/urn%3Ali%3AugcPost%3A6975526059744083968
2022-09-06 19:36:39,LIKE,https://www.linkedin.com/feed/update/urn%3Ali%3Aactivity%3A6972986454364880896
2022-09-04 05:53:01,LIKE,https://www.linkedin.com/feed/update/urn%3Ali%3Aactivity%3A6971527833642795008
2022-08-31 04:20:04,LIKE,https://www.linkedin.com/feed/update/urn%3Ali%3Aactivity%3A6970175692982415361
2022-08-29 00:01:32,APPRECIATION,https://www.linkedin.com/feed/update/urn%3Ali%3Aactivity%3A6961413136214102016
2022-08-04 17:49:58,LIKE,https://www.linkedin.com/feed/update/urn%3Ali%3AugcPost%3A6960993524641140737
2022-08-04 15:49:46,LIKE,https://www.linkedin.com/feed/update/urn%3Ali%3AugcPost%3A6960926806942134272
2022-07-12 03:59:42,LIKE,https://www.linkedin.com/feed/update/urn%3Ali%3Aactivity%3A6950830227824537600
2022-06-11 00:54:18,LIKE,https://www.linkedin.com/feed/update/urn%3Ali%3Aactivity%3A6941081248094203904
2022-03-23 05:10:04,LIKE,https://www.linkedin.com/feed/update/urn%3Ali%3AugcPost%3A6911433703084687361
2022-03-17 03:55:27,LIKE,https://www.linkedin.com/feed/update/urn%3Ali%3Aactivity%3A6909159688005672961
2022-03-10 23:39:28,LIKE,https://www.linkedin.com/feed/update/urn%3Ali%3Aactivity%3A6907254003659616256
2022-02-21 05:25:37,EMPATHY,https://www.linkedin.com/feed/update/urn%3Ali%3AugcPost%3A6897873305957675008
2022-01-16 19:56:07,LIKE,https://www.linkedin.com/feed/update/urn%3Ali%3Aactivity%3A6886111583290970112
2022-01-09 01:44:56,LIKE,https://www.linkedin.com/feed/update/urn%3Ali%3Aactivity%3A6884641526534803456
2021-10-05 00:16:50,LIKE,https://www.linkedin.com/feed/update/urn%3Ali%3Aactivity%3A6850877688224325632
2021-04-19 04:05:17,LIKE,https://www.linkedin.com/feed/update/urn%3Ali%3Aactivity%3A6789309135268794368
2021-04-18 21:25:40,LIKE,https://www.linkedin.com/feed/update/urn%3Ali%3Aactivity%3A6789431601420992512
2021-04-10 01:49:00,LIKE,https://www.linkedin.com/feed/update/urn%3Ali%3Aactivity%3A6786065393929854976
2021-03-29 20:32:07,LIKE,https://www.linkedin.com/feed/update/urn%3Ali%3Aactivity%3A6782398505337155584
2021-03-10 17:53:10,LIKE,https://www.linkedin.com/feed/update/urn%3Ali%3Aactivity%3A6775290895978901504
2021-02-26 15:15:16,LIKE,https://www.linkedin.com/feed/update/urn%3Ali%3Aactivity%3A6770968961875091456
2021-02-23 04:37:31,LIKE,https://www.linkedin.com/feed/update/urn%3Ali%3Aactivity%3A6769832205872111616
2021-02-11 17:50:58,LIKE,https://www.linkedin.com/feed/update/urn%3Ali%3Aactivity%3A6762347653490585601
2021-02-10 16:05:41,LIKE,https://www.linkedin.com/feed/update/urn%3Ali%3Aactivity%3A6765271177679142912
2021-01-27 21:40:22,LIKE,https://www.linkedin.com/feed/update/urn%3Ali%3Aactivity%3A6759961923237818368
2021-01-26 00:13:28,LIKE,https://www.linkedin.com/feed/update/urn%3Ali%3Aactivity%3A6759624106565529600
2021-01-25 21:40:05,EMPATHY,https://www.linkedin.com/feed/update/urn%3Ali%3Aactivity%3A6758494715563388928
2021-01-25 03:23:19,LIKE,https://www.linkedin.com/feed/update/urn%3Ali%3AugcPost%3A6757770600875380736
2021-01-15 20:45:38,LIKE,https://www.linkedin.com/feed/update/urn%3Ali%3AugcPost%3A6755856971951353856
2021-01-07 05:14:41,LIKE,https://www.linkedin.com/feed/update/urn%3Ali%3Aactivity%3A6752251921526071296
2020-12-05 05:13:12,LIKE,https://www.linkedin.com/feed/update/urn%3Ali%3Aactivity%3A6739322806921773056
2020-12-02 00:56:48,LIKE,https://www.linkedin.com/feed/update/urn%3Ali%3Aactivity%3A6739305618911444992
2020-11-02 15:41:16,LIKE,https://www.linkedin.com/feed/update/urn%3Ali%3Aactivity%3A6725474136304488448
2020-10-09 03:40:38,LIKE,https://www.linkedin.com/feed/update/urn%3Ali%3Aactivity%3A6719588461856346112
2020-09-22 14:46:07,LIKE,https://www.linkedin.com/feed/update/urn%3Ali%3Aactivity%3A6703127636891181056
2020-07-04 16:33:28,LIKE,https://www.linkedin.com/feed/update/urn%3Ali%3Aactivity%3A6684647858647400450
2020-04-08 18:55:04,LIKE,https://www.linkedin.com/feed/update/urn%3Ali%3Aactivity%3A6653676606281830401
2020-04-06 22:02:29,LIKE,https://www.linkedin.com/feed/update/urn%3Ali%3Aactivity%3A6653036933951877120
2020-03-03 18:04:20,LIKE,https://www.linkedin.com/feed/update/urn%3Ali%3Aactivity%3A6640260114190262272
2020-01-12 02:38:59,LIKE,https://www.linkedin.com/feed/update/urn%3Ali%3Aactivity%3A6618991174663327745
2019-11-18 22:05:27,LIKE,https://www.linkedin.com/feed/update/urn%3Ali%3Aactivity%3A6601906376308588544
2019-10-22 15:52:00,LIKE,https://www.linkedin.com/feed/update/urn%3Ali%3AugcPost%3A6591281263750057984
2019-10-15 18:44:22,LIKE,https://www.linkedin.com/feed/update/urn%3Ali%3Aactivity%3A6589663059684450304
2019-10-11 03:15:19,LIKE,https://www.linkedin.com/feed/update/urn%3Ali%3Aactivity%3A6588129364766973952
2019-10-08 03:04:32,LIKE,https://www.linkedin.com/feed/update/urn%3Ali%3Aactivity%3A6585643803154149376
2019-10-07 15:24:29,LIKE,https://www.linkedin.com/feed/update/urn%3Ali%3Aactivity%3A6586948926459432961
2019-08-09 21:44:34,PRAISE,https://www.linkedin.com/feed/update/urn%3Ali%3Aactivity%3A6565379138746671106
2019-06-01 19:50:19,LIKE,https://www.linkedin.com/feed/update/urn%3Ali%3Aactivity%3A6540275431214510080
2019-05-30 21:23:11,LIKE,https://www.linkedin.com/feed/update/urn%3Ali%3Aactivity%3A6536150361277812737
2019-04-01 15:00:15,LIKE,https://www.linkedin.com/feed/update/urn%3Ali%3Aactivity%3A6518472662078099456
2019-03-13 20:26:13,LIKE,https://www.linkedin.com/feed/update/urn%3Ali%3Aactivity%3A6511241493288677377
2019-03-04 16:25:00,LIKE,https://www.linkedin.com/feed/update/urn%3Ali%3Aactivity%3A6507308052079800320
2019-01-15 03:19:12,LIKE,https://www.linkedin.com/feed/update/urn%3Ali%3Aactivity%3A6489621224925331456
2019-01-05 00:03:04,LIKE,https://www.linkedin.com/feed/update/urn%3Ali%3Aactivity%3A6485299034155286528
2019-01-05 00:02:12,LIKE,https://www.linkedin.com/feed/update/urn%3Ali%3Aarticle%3A7913726744727284038
2018-11-01 20:32:50,LIKE,https://www.linkedin.com/feed/update/urn%3Ali%3Aactivity%3A6458137233902878720
2018-10-16 15:58:53,LIKE,https://www.linkedin.com/feed/update/urn%3Ali%3Aactivity%3A6457755494768611328
2018-09-27 23:29:55,LIKE,https://www.linkedin.com/feed/update/urn%3Ali%3Aactivity%3A6451092043912540160
2018-08-20 18:05:49,LIKE,https://www.linkedin.com/feed/update/urn%3Ali%3Aarticle%3A7098518346825744504
2018-05-03 03:36:21,LIKE,https://www.linkedin.com/feed/update/urn%3Ali%3Aactivity%3A6397099338593558528
2017-10-18 06:05:56,LIKE,https://www.linkedin.com/feed/update/urn%3Ali%3Aactivity%3A6325786052330037248
2016-04-28 06:54:57,LIKE,https://www.linkedin.com/feed/update/urn%3Ali%3Aactivity%3A6130713874510413824
2016-03-01 15:06:57,LIKE,https://www.linkedin.com/feed/update/urn%3Ali%3Aactivity%3A6110244333816930304
2015-04-24 15:43:50,LIKE,https://www.linkedin.com/feed/update/urn%3Ali%3Aactivity%3A5997066051345489922
2015-04-11 03:29:29,LIKE,https://www.linkedin.com/feed/update/urn%3Ali%3Aactivity%3A5992061999377309696
2014-09-25 02:05:59,LIKE,https://www.linkedin.com/feed/update/urn%3Ali%3Aactivity%3A5919988160690933760
2014-09-08 15:05:00,LIKE,https://www.linkedin.com/feed/update/urn%3Ali%3Aactivity%3A5912002822240481280
2014-09-08 15:04:11,LIKE,https://www.linkedin.com/feed/update/urn%3Ali%3Aactivity%3A5913895549051904000
2014-08-17 01:09:01,LIKE,https://www.linkedin.com/feed/update/urn%3Ali%3Aactivity%3A5903187205819498496
2014-07-21 14:20:50,LIKE,https://www.linkedin.com/feed/update/urn%3Ali%3Aactivity%3A5893327318683779072
2014-07-21 14:20:30,LIKE,https://www.linkedin.com/feed/update/urn%3Ali%3Aactivity%3A5895560897690112000
2014-05-03 23:58:25,LIKE,https://www.linkedin.com/feed/update/urn%3Ali%3Aactivity%3A5867720233912918017
