Date/Time,Media Description,Media Link
"You uploaded a photo on March 9, 2026 at 2:58 PM (GMT)", -,https://media.licdn.com/dms/image/v2/D562CAQE4EuLjdUR9xg/comment-image-shrink_8192_1280/B56ZzTGxDLJQAg-/0/1773068293001?e=1776121200&v=beta&t=NibNHMAm6EFx0CSzKEOgk_PwuAGZkVLxJjRYVDFnJQc
"You uploaded a photo on January 15, 2026 at 11:39 PM (GMT)", -,https://media.licdn.com/dms/image/v2/D5603AQFNRHnAHdeTJg/profile-displayphoto-scale_200_200/B56ZvEB0v3IUAY-/0/1768520372332?e=1776902400&v=beta&t=XrCGK8nB99JB2zpRj10ZlUdraeaLMZ3Hw6f-rJ4trs0
"You uploaded a profile photo on January 15, 2026 at 11:39 PM (GMT)", -,https://media.licdn.com/dms/image/v2/D5604AQEpEPbDVu3tIA/profile-originalphoto-shrink_900_1200/B56ZvEB0vgKMAM-/0/1768520371772?e=1776902400&v=beta&t=lssWy5gDndo66US6gyk1P35no3_EDoWw1_iJftVopTI
"You uploaded a profile background photo on January 9, 2026 at 4:31 PM (GMT)", -,https://media.licdn.com/dms/image/v2/D5616AQHhV7o8UubeFQ/profile-displaybackgroundimage-shrink_200_800/B56ZujmUePHgAU-/0/1767976290513?e=1776902400&v=beta&t=oO4m1SZyOVE3mx9WnZilviIlooll8Pa5O56CnGTeOtw
"You uploaded a profile background photo on January 9, 2026 at 4:31 PM (GMT)", -,https://media.licdn.com/dms/image/v2/D5604AQGtX6cMvMBC5g/profile-background-servable-original-image/B56ZujmUd8HEAM-/0/1767976290564?e=1776902400&v=beta&t=PbFxhuNLFPLXMYYj887biWE-mn6D3cbCf6ah3_dIp7s
"You uploaded a article cover photo on December 9, 2025 at 7:07 PM (GMT)", -,https://media.licdn.com/dms/image/v2/D5612AQH_7rjxvBvrDw/article-cover_image-shrink_720_1280/B56ZsEgw8vHkAM-/0/1765307257191?e=1776902400&v=beta&t=BeV4tsmE8CYkzfLQ3UdkgYQwxU4Rfe5ks9Q-1iJ5q7g
"You uploaded a article cover photo on December 1, 2025 at 7:44 PM (GMT)", -,https://media.licdn.com/dms/image/v2/D5612AQETIwy0g_SAOA/article-cover_image-shrink_720_1280/B56Zrbcc2eLIAI-/0/1764618260541?e=1776902400&v=beta&t=FhlEkrjYEXrK9Y4wQNZ0-GWZ6nb1rDiqvdPekg3YOh4
"You uploaded a article cover photo on November 21, 2025 at 3:57 PM (GMT)", -,https://media.licdn.com/dms/image/v2/D5612AQHc8NXNs7b66g/article-cover_image-shrink_720_1280/B56ZqnIss8IYAI-/0/1763740667316?e=1776902400&v=beta&t=YpFK8NQXe7611lA9p1UpbgbrbUPMiM0AUnxxAIzZmCM
"You uploaded a article cover photo on October 23, 2025 at 8:46 PM (GMT)", -,https://media.licdn.com/dms/image/v2/D5612AQGQxNitQ5cTOQ/article-cover_image-shrink_720_1280/B56ZoS0rBMKEAM-/0/1761252389542?e=1776902400&v=beta&t=GMrUPGcYfoBHOSu5H_Ek6aoU1fuTnvVjIoLO3cssMuk
"You uploaded a article cover photo on October 23, 2025 at 8:31 PM (GMT)", -,https://media.licdn.com/dms/image/v2/D5612AQEcH0UBgvqFWg/article-cover_image-shrink_720_1280/B56ZoSxU1oKEAI-/0/1761251512320?e=1776902400&v=beta&t=B9u3Mqc4p4joWWOvQYQWGv0eF2EisTyg_kR0J-e7iJY
"You uploaded a article cover photo on October 23, 2025 at 7:30 PM (GMT)", -,https://media.licdn.com/dms/image/v2/D5612AQF_hqR3eiu3sw/article-cover_image-shrink_720_1280/B56ZoSjWjhIYAI-/0/1761247849260?e=1776902400&v=beta&t=CMehqePFahz9goN_4XI9F5AIzvZjJTzTFybtEmGDZs8
"You uploaded a article cover photo on October 23, 2025 at 7:13 PM (GMT)", -,https://media.licdn.com/dms/image/v2/D5612AQHZIuKf3aH3jQ/article-cover_image-shrink_720_1280/B56ZoSfWuMHIAI-/0/1761246801385?e=1776902400&v=beta&t=anUs0g2pUKShZAvpbrh4A4LJAPYzDtFVUug8CR0wX9g
"You uploaded a article cover photo on October 22, 2025 at 8:12 PM (GMT)", -,https://media.licdn.com/dms/image/v2/D5612AQG9eMBflVeGaQ/article-cover_image-shrink_720_1280/B56ZoNjQniIsAM-/0/1761163938855?e=1776902400&v=beta&t=9GH92wk1CORKY06nR_6HpixIELga0X8-PrEaTSOjqbc
"You uploaded a article cover photo on October 15, 2025 at 4:37 PM (GMT)", -,https://media.licdn.com/dms/image/v2/D5612AQG8baXelgtAIQ/article-cover_image-shrink_720_1280/B56ZnovAymKAAI-/0/1760546262855?e=1776902400&v=beta&t=Fp0eeZaBH-jxq5IJMAzFkq18XV11TODagoL8uiyIljc
"You uploaded a article cover photo on October 8, 2025 at 3:30 PM (GMT)", -,https://media.licdn.com/dms/image/v2/D5612AQGH6bG7XsXqDg/article-cover_image-shrink_720_1280/B56ZnEckaFG4AM-/0/1759937448984?e=1776902400&v=beta&t=GnuwO1Slr4xlCm15KqXmtclEN1s1nO_LzyDAZ3p44j4
"You uploaded a article cover photo on October 2, 2025 at 8:43 PM (GMT)", -,https://media.licdn.com/dms/image/v2/D5612AQF_rNvfvlLA_w/article-cover_image-shrink_720_1280/B56ZmmqhagG0AI-/0/1759437789411?e=1776902400&v=beta&t=0kqZRpDSfMss_M3f5qvFyzpjyeYYUnAJ3QnuD1-HwLM
"You uploaded a article cover photo on September 18, 2025 at 6:53 PM (GMT)", -,https://media.licdn.com/dms/image/v2/D5612AQHsprvxZnBnXg/article-cover_image-shrink_720_1280/B56ZleLLy_J0AI-/0/1758221614902?e=1776902400&v=beta&t=tnmvVwfcIN2HkFPHBM_VmNBCQpV63HwKw3vYm5VC1wU
"You uploaded a article cover photo on September 15, 2025 at 11:09 PM (GMT)", -,https://media.licdn.com/dms/image/v2/D5612AQGrNIIa6dxh8A/article-cover_image-shrink_720_1280/B56ZlPpA8gHUAI-/0/1757977776553?e=1776902400&v=beta&t=FcvyVNozW3uhFT8_GYwLkaKmzvGWvF9ov9yUxXXUWF8
"You uploaded a article cover photo on September 10, 2025 at 7:47 PM (GMT)", -,https://media.licdn.com/dms/image/v2/D5612AQEsnlrb74iUGA/article-cover_image-shrink_720_1280/B56Zk1Ku4OH8AM-/0/1757533630585?e=1776902400&v=beta&t=uexJMd8Ht2QzxOuZTDQjgl7IprzJ1Og16keKwf5XE54
"You uploaded a article cover photo on September 3, 2025 at 7:48 PM (GMT)", -,https://media.licdn.com/dms/image/v2/D5612AQHh9SDO7smCDA/article-cover_image-shrink_720_1280/B56ZkRH2Q8IAAY-/0/1756928894585?e=1776902400&v=beta&t=mzTKTw5VcbXEMsH-C8qS-JadRIZ8G27SpJRyLa_Bj-g
"You uploaded a article cover photo on August 27, 2025 at 9:17 PM (GMT)", -,https://media.licdn.com/dms/image/v2/D5612AQE5TW1LpTabzg/article-cover_image-shrink_720_1280/B56ZjtZDetHMAQ-/0/1756329425434?e=1776902400&v=beta&t=vWskV3P17jRWyuHVlOlaiaQP9Ltg4YFlhfASYxCA-Js
"You uploaded a article cover photo on August 18, 2025 at 7:09 PM (GMT)", -,https://media.licdn.com/dms/image/v2/D5612AQGiFZV4hDmSBw/article-cover_image-shrink_720_1280/B56Zi.lee4HMAM-/0/1755544152482?e=1776902400&v=beta&t=dXJeF86kntLNbGt0tqD-Pf5PhWs1ue55GgTaUOAXbfY
"You uploaded a article cover photo on August 14, 2025 at 11:06 PM (GMT)", -,https://media.licdn.com/dms/image/v2/D5612AQF53X7d5kUwMg/article-cover_image-shrink_720_1280/B56Ziq1deQG0AM-/0/1755212798397?e=1776902400&v=beta&t=Ug4v3B3ahZeHrwh2Q2go6beHXOgSJ73pD4a6O7mpQOQ
"You uploaded a article cover photo on August 4, 2025 at 10:28 PM (GMT)", -,https://media.licdn.com/dms/image/v2/D5612AQEdeFLNX0POhg/article-cover_image-shrink_720_1280/B56Zh3MzIhG4AE-/0/1754346501501?e=1776902400&v=beta&t=UqwGW3tY82cUtXqAbbBHlYADgFWu65LsUz2Rrhwzel8
"You uploaded a article cover photo on July 29, 2025 at 4:22 PM (GMT)", -,https://media.licdn.com/dms/image/v2/D5612AQE9XzH6iwuZ2A/article-cover_image-shrink_720_1280/B56ZhW_akMHUAQ-/0/1753806121851?e=1776902400&v=beta&t=8ugROcCqcqzuu4IdmShxP7qYZQymmwLA1vmbVtJVTxg
"You uploaded a article cover photo on July 21, 2025 at 4:48 PM (GMT)", -,https://media.licdn.com/dms/image/v2/D5612AQGUz7NTfGvqww/article-cover_image-shrink_720_1280/B56Zgt41eHHUAM-/0/1753116531855?e=1776902400&v=beta&t=g1TyBGXvbHmGOZukK4mfbuxumzU2wlqcEayPL5CEmXU
"You uploaded a article cover photo on July 11, 2025 at 8:48 PM (GMT)", -,https://media.licdn.com/dms/image/v2/D5612AQF7CMReV_vBuQ/article-cover_image-shrink_720_1280/B56Zf7PtO2HcAI-/0/1752266888691?e=1776902400&v=beta&t=CFsX176fR5zCKa3gX70Hq1PDUm5fYcQDE8Fo9rwHIO8
"You uploaded a article cover photo on July 3, 2025 at 10:20 PM (GMT)", -,https://media.licdn.com/dms/image/v2/D5612AQH1KmVK7oTHIA/article-cover_image-shrink_720_1280/B56ZfSYOOzHoAM-/0/1751581255098?e=1776902400&v=beta&t=E2ludnrnfXYYu-vfvk2c_y88AdxJHcdTpxq7oDMPhYQ
"You uploaded a article cover photo on July 3, 2025 at 9:52 PM (GMT)", -,https://media.licdn.com/dms/image/v2/D5612AQGh9HPXyZiSxQ/article-cover_image-shrink_720_1280/B56ZfSRsxaHEAI-/0/1751579545193?e=1776902400&v=beta&t=VJDeKK_Ej0v_cUmGcIscLWsPiW_GfGb_wYh8obSNikk
"You uploaded a article cover photo on June 23, 2025 at 7:36 PM (GMT)", -,https://media.licdn.com/dms/image/v2/D5612AQE32735Mfrjbg/article-cover_image-shrink_720_1280/B56ZeeSyOaHEAI-/0/1750707414542?e=1776902400&v=beta&t=6-ecdbaHEMUM-iffvDmykBjCm2iX20Y_fwV8-qbON7c
"You uploaded a article cover photo on June 13, 2025 at 10:53 PM (GMT)", -,https://media.licdn.com/dms/image/v2/D5612AQHBnFgYf7vUyg/article-cover_image-shrink_720_1280/B56Zdrf65fHoAM-/0/1749855219794?e=1776902400&v=beta&t=4JWHvf3WhecekYg46edlPZIDVtQarBrLcmI87ec0w4Q
"You uploaded a article cover photo on June 6, 2025 at 11:39 PM (GMT)", -,https://media.licdn.com/dms/image/v2/D5612AQGxff5xLHfgpQ/article-cover_image-shrink_720_1280/B56ZdHnO17G0AM-/0/1749253156727?e=1776902400&v=beta&t=31wkumkmBlrYQQGdfKOn_P9Hs7bp1EluQxMv5VLYEm4
"You uploaded a article cover photo on May 30, 2025 at 9:49 PM (GMT)", -,https://media.licdn.com/dms/image/v2/D5612AQH8gJmxe3SzCA/article-cover_image-shrink_720_1280/B56ZcjLERdGQAI-/0/1748641793613?e=1776902400&v=beta&t=SD6arE-_MAKhZX9LTV9uYt1t2pgJ_ylui8yGpupT8LY
"You uploaded a article cover photo on May 29, 2025 at 7:51 PM (GMT)", -,https://media.licdn.com/dms/image/v2/D5612AQGkXjAyeN8kfA/article-cover_image-shrink_720_1280/B56ZcdmcbZHgAM-/0/1748548307152?e=1776902400&v=beta&t=dxYBLKsZFgv_LGWmB7GH3PSI3M1U60FPj1U4rFcngvs
"You uploaded a article cover photo on May 29, 2025 at 7:49 PM (GMT)", -,https://media.licdn.com/dms/image/v2/D5612AQH0dlatVgnZaQ/article-cover_image-shrink_720_1280/B56Zcdl.U5GsAQ-/0/1748548183849?e=1776902400&v=beta&t=ZUgjJrNysY94Gc1k8vpdlUvmtBVmTQY0EAiO2wy1BcY
"You uploaded a article cover photo on May 29, 2025 at 5:34 PM (GMT)", -,https://media.licdn.com/dms/image/v2/D4E12AQHQPG0IAMA1cQ/article-cover_image-shrink_720_1280/B4EZcdG7z1HsAM-/0/1748540047203?e=1776902400&v=beta&t=o_eZvJL9mK8vWQ-Zs3lmQgxboToSuxQR8RMGjz76Z9c
"You uploaded a article cover photo on May 5, 2025 at 5:59 PM (GMT)", -,https://media.licdn.com/dms/image/v2/D5612AQHmyXmkEsfpWw/article-cover_image-shrink_720_1280/B56ZahmjiZHAAM-/0/1746467961518?e=1776902400&v=beta&t=B6zhKvRqXV2L5QDOx5BSFCkdipBGzFTIjEUqp6B5LGU
"You uploaded a photo on April 28, 2025 at 5:55 PM (GMT)", -,https://media.licdn.com/dms/image/v2/D5612AQGgTFtDkiuraQ/series-logo_image-shrink_300_300/B56ZZ9iijxHUAQ-/0/1745862928889?e=1776902400&v=beta&t=OrViDOIch6z3gz9hrxfcb0I49m1NzvXFJM1pqUnR-m0
"You uploaded a article cover photo on April 25, 2025 at 6:44 PM (GMT)", -,https://media.licdn.com/dms/image/v2/D4D12AQGLZ4tIcZJvnQ/article-cover_image-shrink_720_1280/B4DZZuRC2BG4AM-/0/1745606685003?e=1776902400&v=beta&t=9NrNpxOumcMP5er_DXaf8NaWmvYMJYpsC_psubNE-zc
"You uploaded a article cover photo on April 21, 2025 at 6:03 PM (GMT)", -,https://media.licdn.com/dms/image/v2/D5612AQEZ7mJI7dlPEw/article-cover_image-shrink_720_1280/B56ZZZhVNhGkAM-/0/1745258632694?e=1776902400&v=beta&t=osPDa0gE2WQwcItVEmjovxAwq2THb5FtH99Tvc79bBI
"You uploaded a article cover photo on April 21, 2025 at 5:37 PM (GMT)", -,https://media.licdn.com/dms/image/v2/D5612AQEC1OdsZumedA/article-cover_image-shrink_720_1280/B56ZZZbMh9GUAI-/0/1745257024119?e=1776902400&v=beta&t=Ffdmq8MLU5c6NtxKyJVYNNlRournD1KMx21FbeolDqw
"You uploaded a article cover photo on April 21, 2025 at 4:30 PM (GMT)", -,https://media.licdn.com/dms/image/v2/D5612AQGfZjwxSbW0ag/article-cover_image-shrink_720_1280/B56ZZZMEowHsAM-/0/1745253059668?e=1776902400&v=beta&t=1dgETuPLQmx6pZmUv3Gxkg63RsYh5fb36LrhhUpqQuA
"You uploaded a article cover photo on April 14, 2025 at 6:10 PM (GMT)", -,https://media.licdn.com/dms/image/v2/D5612AQG7lzA4NTBByQ/article-cover_image-shrink_720_1280/B56ZY1fm8MH0AQ-/0/1744654201037?e=1776902400&v=beta&t=u5inzybsQB6k2Ybno0SYllFb42K4IVp6SH5niX0NEfs
"You uploaded a article cover photo on April 7, 2025 at 5:39 PM (GMT)", -,https://media.licdn.com/dms/image/v2/D5612AQEX391CA-yITA/article-cover_image-shrink_720_1280/B56ZYRVmBLGcAU-/0/1744047596054?e=1776902400&v=beta&t=QLvjhRYkBXfWBzuQoht8VI__4sKdxLyPIailQPtYzh4
"You uploaded a article cover photo on March 31, 2025 at 10:14 PM (GMT)", -,https://media.licdn.com/dms/image/v2/D5612AQE0PqK9XaKCRg/article-cover_image-shrink_720_1280/B56ZXuROWrGsAI-/0/1743459247942?e=1776902400&v=beta&t=8wZNGcPAwsMnf92OSBkau8-TBcC8BAQFTpjF0i6I9VY
"You uploaded a article cover photo on March 24, 2025 at 7:24 PM (GMT)", -,https://media.licdn.com/dms/image/v2/D5612AQHdIA-GxzG8CQ/article-cover_image-shrink_720_1280/B56ZXJnPmNGoAI-/0/1742844263205?e=1776902400&v=beta&t=BpuI-M05IijMWq4I5dWbAWR9X_QXZWb1V5hsVl7i5oY
"You uploaded a article cover photo on March 14, 2025 at 6:38 PM (GMT)", -,https://media.licdn.com/dms/image/v2/D5612AQGCXR6qL8wBUA/article-cover_image-shrink_720_1280/B56ZWV81lBGUAI-/0/1741977508621?e=1776902400&v=beta&t=Dq4XezRNbVk7nQRvc6fvW6rPJwTrfgzekm7WK2T1izE
"You uploaded a article cover photo on March 10, 2025 at 8:35 PM (GMT)", -,https://media.licdn.com/dms/image/v2/D4D12AQFqy2Ioj6QqYw/article-cover_image-shrink_720_1280/B4DZWBxP0_HIAQ-/0/1741638926141?e=1776902400&v=beta&t=31wbxFMCg9VEFeSedi8nGyYvh2M9Mk8d_sTb8OJk6ms
"You uploaded a article cover photo on March 3, 2025 at 11:17 PM (GMT)", -,https://media.licdn.com/dms/image/v2/D5612AQEvYB1pg9In3w/article-cover_image-shrink_720_1280/B56ZVeTSifGUAI-/0/1741043870341?e=1776902400&v=beta&t=ORIip3FE8z_0NggzRdFkhjV_ifT0qYXUKP9cERwzDLQ
"You uploaded a article cover photo on February 24, 2025 at 9:35 PM (GMT)", -,https://media.licdn.com/dms/image/v2/D5612AQG7_7y3ihciYg/article-cover_image-shrink_720_1280/B56ZU5408HHsAI-/0/1740432953555?e=1776902400&v=beta&t=wqE4zY7SOdG_4ysopKrF1gCoLIwrzMLm7FjVpx9NCh0
"You uploaded a article cover photo on February 17, 2025 at 9:07 PM (GMT)", -,https://media.licdn.com/dms/image/v2/D5612AQGjlw3jNa1Mrw/article-cover_image-shrink_720_1280/B56ZUVvMRqHsAI-/0/1739826447852?e=1776902400&v=beta&t=rJzx1DS4YWhSwpCk_kS2elylUfZVwpuDHActbAxWBJQ
"You uploaded a article cover photo on February 14, 2025 at 11:15 PM (GMT)", -,https://media.licdn.com/dms/image/v2/D5612AQGtKHnhkQEcXQ/article-cover_image-shrink_720_1280/B56ZUGvyV6HEAI-/0/1739574945639?e=1776902400&v=beta&t=iDeCNVwNbuvyQBMer5B8HDqTzBG2h6hVigpE2ysnZXc
"You uploaded a photo on February 14, 2025 at 11:15 PM (GMT)", -,https://media.licdn.com/dms/image/v2/D5612AQHTeQtU-MbANw/series-logo_image-shrink_300_300/B56ZUGvpf_GQAQ-/0/1739574909226?e=1776902400&v=beta&t=ZHh439JSNQnVTeJdY2ZQqw4KyJ7QsTmcsTEf2ErGWhg
"You uploaded a article cover photo on February 14, 2025 at 10:57 PM (GMT)", -,https://media.licdn.com/dms/image/v2/D5612AQHUxr_kirErVw/article-cover_image-shrink_720_1280/B56ZUGrlv0GsAI-/0/1739573845420?e=1776902400&v=beta&t=cSFC9fXOJ9FOdDtL0mLQoiBmRi1e8CbEcfdLrsFsEpg
"You uploaded a photo on February 14, 2025 at 10:53 PM (GMT)", -,https://media.licdn.com/dms/image/v2/D5612AQE2q4ZyHs0rFA/series-logo_image-shrink_300_300/B56ZUGqqYdHQAQ-/0/1739573602197?e=1776902400&v=beta&t=LdJkngiGyT2mzyIYEor1arwI3uOqe1mN-D0TNghqadQ
