Saved Date,Job Url,Job Title,Company Name
"2/15/26, 3:33 PM",http://www.linkedin.com/jobs/view/4289261849,Principal Content Designer,Square
"1/26/26, 12:58 PM",http://www.linkedin.com/jobs/view/4365470645,Senior II Content Designer,HubSpot
"2/15/26, 8:23 PM",http://www.linkedin.com/jobs/view/4366806292,Senior Content Writer,AT&T
"10/5/25, 2:25 PM",http://www.linkedin.com/jobs/view/4306146494,Associate Copy Director- REMOTE,Thorne
"3/23/26, 7:56 AM",http://www.linkedin.com/jobs/view/4387727816,UX Writer (Youth Mental Health App) — Remote,TAMMIRA
"9/28/23, 12:21 PM",http://www.linkedin.com/jobs/view/3697068664,Employee Communications Lead,Asana
"1/30/26, 2:29 PM",http://www.linkedin.com/jobs/view/4321878399,Senior Creative Copywriter,Consensys
"10/25/25, 6:19 PM",http://www.linkedin.com/jobs/view/4269669602,"Sr. Director, Communications & Content",Carrot
"1/23/23, 12:44 PM",http://www.linkedin.com/jobs/view/3400315020,Strategic Content Writer,PayPal
"3/12/26, 1:43 PM",http://www.linkedin.com/jobs/view/4383922341,"Director, Content Strategy",Quadient
"1/17/23, 4:25 PM",http://www.linkedin.com/jobs/view/3420963588,Copywriter,distillery
"5/1/23, 3:58 PM",http://www.linkedin.com/jobs/view/3585536129,,
"1/29/26, 7:30 AM",http://www.linkedin.com/jobs/view/4330478383,"Senior Manager, Content Strategy and Operations, Yahoo Finance",Yahoo
"2/15/26, 8:25 PM",http://www.linkedin.com/jobs/view/4372083291,Senior Content Writer,AT&T
"5/2/23, 5:11 PM",http://www.linkedin.com/jobs/view/3595571136,Content Designer,Coforma
"12/21/22, 12:41 PM",http://www.linkedin.com/jobs/view/3380735152,Senior Content Designer,Carrot
"10/25/25, 6:21 PM",http://www.linkedin.com/jobs/view/4203625502,"Content Design Manager, Member Experience",Netflix
"1/15/26, 1:58 PM",http://www.linkedin.com/jobs/view/4352990217,"Senior Director, Content Strategy",Calix
"3/6/26, 10:42 AM",http://www.linkedin.com/jobs/view/4381960499,UX Copywriter,Sundayy
"3/16/26, 8:17 AM",http://www.linkedin.com/jobs/view/4376435517,Founding Content Designer,Clay
"2/13/23, 2:00 PM",http://www.linkedin.com/jobs/view/3462878793,Global Content Strategist,Rippling
"9/28/23, 12:26 PM",http://www.linkedin.com/jobs/view/3725108798,UX Writer - Production Experience,Figma
"10/25/25, 6:17 PM",http://www.linkedin.com/jobs/view/4318613822,"Copywriter, Web Experience",The Sage Group
"6/13/25, 11:40 AM",http://www.linkedin.com/jobs/view/4246015153,Head of Editorial,eBay
"4/4/26, 6:48 AM",http://www.linkedin.com/jobs/view/4397177183,Sr. Content Strategy Director,GoodRx
"10/5/25, 2:28 PM",http://www.linkedin.com/jobs/view/4310465092,Editorial Lead,Ramp
"10/25/25, 6:11 PM",http://www.linkedin.com/jobs/view/4239640675,"Principal Creative, Copy",Circle
"3/16/26, 8:16 AM",http://www.linkedin.com/jobs/view/4383773317,Assistant Director Content & UX Strategist (Digital Customer Experience),Principal Financial Group
"5/1/23, 3:53 PM",http://www.linkedin.com/jobs/view/3592245556,"Content Designer, Senior|USA - Remote",FFW
"11/27/20, 4:23 PM",http://www.linkedin.com/jobs/view/2308394399,Senior Copywriter - Pottery Barn,Pottery Barn
"3/23/26, 1:24 PM",http://www.linkedin.com/jobs/view/4386150306,Digital Experience Content Strategist,Creative Circle
"11/5/25, 1:48 PM",http://www.linkedin.com/jobs/view/4333339634,Staff Content Designer,Ethos
"9/30/21, 5:05 PM",http://www.linkedin.com/jobs/view/2686203230,Social Science Research Program Manager,Meta
"2/15/26, 3:24 PM",http://www.linkedin.com/jobs/view/4363681847,"Staff Content Designer, Dashboard",Stripe
"3/12/26, 3:08 PM",http://www.linkedin.com/jobs/view/4383205454,Director of Communications,Arlington Convention & Visitors Bureau
"1/23/26, 1:45 PM",http://www.linkedin.com/jobs/view/4354809089,"Senior Director — Content Strategy, Design, & Operations",Fueled
"10/25/25, 6:10 PM",http://www.linkedin.com/jobs/view/4312909014,"Director, Brand Voice and Tone",Salesforce
"3/15/26, 5:58 AM",http://www.linkedin.com/jobs/view/4382798991,"Content Designer/ Sr Content Designer, UX",American Airlines
"5/2/23, 5:11 PM",http://www.linkedin.com/jobs/view/3207355674,Content Designer,TikTok
"10/26/22, 2:57 PM",http://www.linkedin.com/jobs/view/3321174053,Program Operations Manager,Chan Zuckerberg Initiative
"9/12/22, 6:28 PM",http://www.linkedin.com/jobs/view/3247616139,Freelance Writer,Elite Editing
"4/1/26, 1:41 PM",http://www.linkedin.com/jobs/view/4392472485,Staff/Principal Content Designer,Skylight
"2/22/23, 1:21 PM",http://www.linkedin.com/jobs/view/3472483711,Content Designer,Grammarly
"4/18/23, 11:08 AM",http://www.linkedin.com/jobs/view/3524244525,"Senior Content Designer, DXC, Hybrid/Remote",Autodesk
"10/25/25, 6:22 PM",http://www.linkedin.com/jobs/view/4331179166,Creative Writer | $200k/yr Remote,Crossing Hurdles
"3/9/26, 10:30 AM",http://www.linkedin.com/jobs/view/4376502238,Sr Mgr Copywriting Brand Creative,Health Care Service Corporation
"2/22/23, 1:22 PM",http://www.linkedin.com/jobs/view/3400307940,Strategic Content Writer,PayPal
"6/4/25, 10:41 AM",http://www.linkedin.com/jobs/view/4244228517,Head of Copy,Abbott
"9/12/22, 6:02 PM",http://www.linkedin.com/jobs/view/3265357673,Editor- 9/23 application deadline,The Bridgespan Group
"3/26/26, 7:57 AM",http://www.linkedin.com/jobs/view/4388907612,Writer (Servers/Homelab/NAS),Switch and Click
"5/2/23, 5:11 PM",http://www.linkedin.com/jobs/view/3560432217,"UX Writer and Content Designer, Google Nest",Google
"1/17/23, 4:31 PM",http://www.linkedin.com/jobs/view/3402489043,Content Strategist,Upbound
"5/2/23, 5:11 PM",http://www.linkedin.com/jobs/view/3595416900,Content Designer II,Fearless
"3/1/23, 2:04 PM",http://www.linkedin.com/jobs/view/3451534162,Lead Content Designer,Chime
"2/15/26, 3:28 PM",http://www.linkedin.com/jobs/view/4341205691,Content Lead,Stability AI
"8/1/21, 1:01 PM",http://www.linkedin.com/jobs/view/2662099270,Social Science Research Program Manager,Meta
"3/9/26, 10:34 AM",http://www.linkedin.com/jobs/view/4380605288,"Sr Manager, Content Strategist",Charles Schwab
"3/5/26, 6:11 AM",http://www.linkedin.com/jobs/view/4380905032,Content Director - Hybrid or Remote,Benchmark Mortgage (NMLS #2143)
"5/1/23, 3:56 PM",http://www.linkedin.com/jobs/view/3571021356,,
"5/31/21, 8:43 PM",http://www.linkedin.com/jobs/view/2561352807,"Program Officer, Visa Foundation",Visa
"2/2/21, 4:17 PM",http://www.linkedin.com/jobs/view/2383804592,Part-Time Content Writer,The Mom Project
"6/13/25, 11:40 AM",http://www.linkedin.com/jobs/view/4248785110,Sr. Content Designer,Linkage Design
"2/15/26, 3:30 PM",http://www.linkedin.com/jobs/view/4370739412,UX Writer,JSR Tech Consulting
"2/16/23, 4:27 PM",http://www.linkedin.com/jobs/view/3483160724,UX Writer,Genesys
"2/14/23, 2:55 PM",http://www.linkedin.com/jobs/view/3482009635,Senior Content Writer,Handshake
